{"stats":{"minecraft:killed_by":{"minecraft:spider":1},"minecraft:crafted":{"minecraft:cookie":144,"minecraft:stone_shovel":1,"minecraft:fishing_rod":1,"minecraft:furnace":4,"minecraft:stone":95,"minecraft:cooked_mutton":4,"minecraft:suspicious_stew":4,"minecraft:bow":5,"minecraft:iron_boots":2,"minecraft:iron_axe":1,"minecraft:stone_pickaxe":7,"minecraft:cooked_cod":13,"minecraft:crossbow":5,"minecraft:wooden_shovel":1,"minecraft:arrow":160,"minecraft:emerald":87,"minecraft:crafting_table":3,"minecraft:spruce_planks":788,"minecraft:wooden_pickaxe":2,"minecraft:iron_helmet":2,"minecraft:cooked_salmon":3,"minecraft:fletching_table":1,"minecraft:stone_axe":3,"minecraft:bread":60,"minecraft:air":0,"minecraft:apple":56,"minecraft:iron_chestplate":2,"minecraft:shield":2,"minecraft:stick":1547,"minecraft:iron_ingot":90,"minecraft:iron_pickaxe":1,"minecraft:wooden_axe":2,"minecraft:stone_sword":2,"minecraft:iron_leggings":2,"minecraft:gold_ingot":11,"minecraft:white_bed":1,"minecraft:acacia_planks":128,"minecraft:torch":76},"minecraft:dropped":{"minecraft:bread":28,"minecraft:wheat_seeds":15,"minecraft:poisonous_potato":1,"minecraft:cobblestone":1,"minecraft:leather":1,"minecraft:granite":19,"minecraft:pufferfish":3,"minecraft:dirt":5,"minecraft:diorite":4,"minecraft:wooden_axe":1,"minecraft:bowl":1,"minecraft:rotten_flesh":3,"minecraft:andesite":16,"minecraft:spider_eye":1,"minecraft:arrow":3,"minecraft:egg":1},"minecraft:picked_up":{"minecraft:wooden_axe":1,"minecraft:fishing_rod":2,"minecraft:crafting_table":13,"minecraft:wheat":6,"minecraft:clay_ball":180,"minecraft:string":5,"minecraft:cooked_salmon":2,"minecraft:pufferfish":5,"minecraft:sugar_cane":3,"minecraft:furnace":3,"minecraft:egg":3,"minecraft:stick":20,"minecraft:acacia_log":32,"minecraft:torch":1,"minecraft:bowl":1,"minecraft:spruce_fence":1,"minecraft:cookie":16,"minecraft:diorite":7,"minecraft:redstone":45,"minecraft:stone_sword":1,"minecraft:arrow":8,"minecraft:rotten_flesh":17,"minecraft:cooked_cod":2,"minecraft:mutton":4,"minecraft:cod":14,"minecraft:white_wool":3,"minecraft:cobblestone":511,"minecraft:cooked_beef":7,"minecraft:andesite":51,"minecraft:salmon":4,"minecraft:leather":1,"minecraft:potato":34,"minecraft:flint":4,"minecraft:lily_pad":2,"minecraft:lapis_lazuli":19,"minecraft:dirt":100,"minecraft:bone":13,"minecraft:acacia_planks":104,"minecraft:bow":2,"minecraft:wheat_seeds":23,"minecraft:stone_pickaxe":2,"minecraft:iron_ore":110,"minecraft:fletching_table":2,"minecraft:pumpkin":10,"minecraft:poisonous_potato":1,"minecraft:gravel":87,"minecraft:spruce_sapling":25,"minecraft:white_bed":5,"minecraft:spruce_log":197,"minecraft:gold_ore":11,"minecraft:spider_eye":4,"minecraft:purple_bed":11,"minecraft:diamond":5,"minecraft:stone_axe":1,"minecraft:granite":40,"minecraft:bread":9,"minecraft:coal":385},"minecraft:custom":{"minecraft:mob_kills":33,"minecraft:interact_with_crafting_table":48,"minecraft:leave_game":10,"minecraft:time_since_death":139475,"minecraft:sprint_one_cm":572557,"minecraft:walk_one_cm":515577,"minecraft:damage_blocked_by_shield":1055,"minecraft:drop":24,"minecraft:talked_to_villager":136,"minecraft:deaths":2,"minecraft:sneak_time":1265,"minecraft:walk_under_water_one_cm":7309,"minecraft:jump":2438,"minecraft:interact_with_blast_furnace":7,"minecraft:walk_on_water_one_cm":20123,"minecraft:interact_with_furnace":62,"minecraft:traded_with_villager":144,"minecraft:play_one_minute":226630,"minecraft:interact_with_grindstone":2,"minecraft:sleep_in_bed":18,"minecraft:time_since_rest":8834,"minecraft:damage_taken":2719,"minecraft:damage_dealt":5858,"minecraft:fly_one_cm":480408,"minecraft:swim_one_cm":3063,"minecraft:open_chest":18,"minecraft:crouch_one_cm":2632,"minecraft:fish_caught":21,"minecraft:fall_one_cm":29548},"minecraft:killed":{"minecraft:spider":4,"minecraft:skeleton":10,"minecraft:sheep":3,"minecraft:zombie":13},"minecraft:broken":{"minecraft:wooden_shovel":1,"minecraft:wooden_pickaxe":1,"minecraft:stone_pickaxe":6,"minecraft:stone_axe":1,"minecraft:wooden_axe":1},"minecraft:mined":{"minecraft:diamond_ore":5,"minecraft:white_bed":5,"minecraft:granite":22,"minecraft:acacia_log":32,"minecraft:grass_block":29,"minecraft:spruce_fence":1,"minecraft:spruce_leaves":35,"minecraft:redstone_ore":10,"minecraft:furnace":3,"minecraft:iron_ore":110,"minecraft:andesite":32,"minecraft:pumpkin":10,"minecraft:fletching_table":2,"minecraft:potatoes":10,"minecraft:stone":376,"minecraft:acacia_leaves":11,"minecraft:clay":46,"minecraft:crafting_table":13,"minecraft:cobblestone":2,"minecraft:lapis_ore":3,"minecraft:diorite":4,"minecraft:purple_bed":11,"minecraft:wheat":9,"minecraft:spruce_log":202,"minecraft:grass":23,"minecraft:coal_ore":385,"minecraft:gravel":89,"minecraft:dirt":45,"minecraft:gold_ore":11},"minecraft:used":{"minecraft:stone_sword":122,"minecraft:stone_shovel":108,"minecraft:wooden_shovel":59,"minecraft:cooked_salmon":3,"minecraft:torch":34,"minecraft:dirt":11,"minecraft:spruce_fence":1,"minecraft:wooden_axe":83,"minecraft:furnace":7,"minecraft:cooked_cod":12,"minecraft:potato":13,"minecraft:wheat_seeds":6,"minecraft:cooked_mutton":3,"minecraft:stone_pickaxe":786,"minecraft:lily_pad":1,"minecraft:wooden_pickaxe":73,"minecraft:fletching_table":3,"minecraft:cookie":31,"minecraft:crafting_table":16,"minecraft:spider_eye":1,"minecraft:white_bed":5,"minecraft:bread":27,"minecraft:iron_pickaxe":121,"minecraft:gravel":43,"minecraft:pufferfish":1,"minecraft:stone_axe":256,"minecraft:fishing_rod":33,"minecraft:cobblestone":14,"minecraft:purple_bed":10}},"DataVersion":2230}