{"stats":{"minecraft:crafted":{"minecraft:cookie":144,"minecraft:stone_shovel":1,"minecraft:fishing_rod":1,"minecraft:furnace":4,"minecraft:stone":310,"minecraft:cooked_mutton":4,"minecraft:suspicious_stew":4,"minecraft:bow":5,"minecraft:iron_boots":2,"minecraft:iron_axe":1,"minecraft:stone_pickaxe":12,"minecraft:cooked_cod":13,"minecraft:crossbow":5,"minecraft:wooden_shovel":1,"minecraft:emerald":158,"minecraft:arrow":160,"minecraft:diamond_axe":2,"minecraft:crafting_table":5,"minecraft:spruce_planks":1332,"minecraft:wooden_pickaxe":2,"minecraft:iron_helmet":2,"minecraft:cooked_salmon":3,"minecraft:fletching_table":1,"minecraft:stone_axe":3,"minecraft:bread":65,"minecraft:air":0,"minecraft:apple":56,"minecraft:iron_chestplate":2,"minecraft:shield":2,"minecraft:stick":2619,"minecraft:iron_ingot":142,"minecraft:iron_pickaxe":2,"minecraft:wooden_axe":2,"minecraft:stone_sword":2,"minecraft:iron_leggings":2,"minecraft:gold_ingot":11,"minecraft:white_bed":1,"minecraft:acacia_planks":128,"minecraft:torch":76},"minecraft:dropped":{"minecraft:bread":28,"minecraft:wheat_seeds":15,"minecraft:diamond_axe":1,"minecraft:poisonous_potato":2,"minecraft:cobblestone":1,"minecraft:leather":1,"minecraft:granite":20,"minecraft:pufferfish":3,"minecraft:dirt":5,"minecraft:diorite":266,"minecraft:wooden_axe":1,"minecraft:bowl":1,"minecraft:rotten_flesh":5,"minecraft:carrot":16,"minecraft:potato":35,"minecraft:andesite":16,"minecraft:spider_eye":1,"minecraft:arrow":3,"minecraft:egg":1},"minecraft:broken":{"minecraft:wooden_shovel":1,"minecraft:wooden_pickaxe":1,"minecraft:stone_pickaxe":11,"minecraft:stone_axe":2,"minecraft:wooden_axe":2},"minecraft:killed_by":{"minecraft:spider":1},"minecraft:killed":{"minecraft:spider":4,"minecraft:skeleton":14,"minecraft:sheep":3,"minecraft:zombie":16,"minecraft:cow":2},"minecraft:custom":{"minecraft:mob_kills":43,"minecraft:interact_with_crafting_table":58,"minecraft:leave_game":11,"minecraft:time_since_death":272613,"minecraft:sprint_one_cm":807206,"minecraft:walk_one_cm":820952,"minecraft:damage_blocked_by_shield":1685,"minecraft:drop":36,"minecraft:talked_to_villager":240,"minecraft:deaths":2,"minecraft:sneak_time":1843,"minecraft:walk_under_water_one_cm":7309,"minecraft:boat_one_cm":13640,"minecraft:jump":3763,"minecraft:interact_with_blast_furnace":21,"minecraft:walk_on_water_one_cm":20638,"minecraft:interact_with_furnace":98,"minecraft:traded_with_villager":217,"minecraft:play_one_minute":359768,"minecraft:interact_with_grindstone":2,"minecraft:sleep_in_bed":26,"minecraft:time_since_rest":12383,"minecraft:damage_taken":3167,"minecraft:damage_dealt":7655,"minecraft:fly_one_cm":610965,"minecraft:swim_one_cm":3063,"minecraft:open_chest":34,"minecraft:crouch_one_cm":3960,"minecraft:fish_caught":21,"minecraft:fall_one_cm":54036},"minecraft:used":{"minecraft:stone_sword":128,"minecraft:stone_shovel":108,"minecraft:wooden_shovel":59,"minecraft:cooked_salmon":3,"minecraft:torch":70,"minecraft:dirt":11,"minecraft:carrot":6,"minecraft:spruce_fence":4,"minecraft:wooden_axe":99,"minecraft:iron_axe":134,"minecraft:furnace":7,"minecraft:cooked_cod":12,"minecraft:potato":47,"minecraft:wheat_seeds":26,"minecraft:cooked_mutton":3,"minecraft:diorite":1,"minecraft:stone_pickaxe":1441,"minecraft:lily_pad":1,"minecraft:wooden_pickaxe":107,"minecraft:fletching_table":3,"minecraft:diamond_axe":208,"minecraft:cookie":66,"minecraft:crafting_table":23,"minecraft:spider_eye":1,"minecraft:white_bed":5,"minecraft:bread":35,"minecraft:iron_pickaxe":121,"minecraft:lectern":23,"minecraft:gravel":43,"minecraft:pufferfish":1,"minecraft:stone_axe":268,"minecraft:fishing_rod":33,"minecraft:cobblestone":18,"minecraft:purple_bed":18},"minecraft:mined":{"minecraft:diamond_ore":5,"minecraft:white_bed":5,"minecraft:granite":23,"minecraft:acacia_log":32,"minecraft:grass_block":29,"minecraft:spruce_fence":4,"minecraft:spruce_leaves":105,"minecraft:redstone_ore":10,"minecraft:furnace":3,"minecraft:carrots":6,"minecraft:iron_ore":162,"minecraft:andesite":81,"minecraft:pumpkin":14,"minecraft:fletching_table":2,"minecraft:potatoes":42,"minecraft:stone":561,"minecraft:acacia_leaves":11,"minecraft:crafting_table":19,"minecraft:clay":46,"minecraft:lectern":22,"minecraft:cobblestone":3,"minecraft:lapis_ore":3,"minecraft:diorite":203,"minecraft:purple_bed":18,"minecraft:wheat":29,"minecraft:spruce_log":437,"minecraft:grass":23,"minecraft:coal_ore":586,"minecraft:gravel":89,"minecraft:dirt":45,"minecraft:gold_ore":11},"minecraft:picked_up":{"minecraft:wooden_axe":1,"minecraft:fishing_rod":2,"minecraft:crafting_table":19,"minecraft:wheat":25,"minecraft:clay_ball":180,"minecraft:string":5,"minecraft:cooked_salmon":2,"minecraft:pufferfish":5,"minecraft:beef":3,"minecraft:lectern":23,"minecraft:sugar_cane":3,"minecraft:furnace":3,"minecraft:egg":4,"minecraft:stick":26,"minecraft:acacia_log":32,"minecraft:torch":1,"minecraft:bowl":1,"minecraft:spruce_fence":4,"minecraft:cookie":16,"minecraft:diorite":275,"minecraft:carrot":22,"minecraft:redstone":45,"minecraft:stone_sword":1,"minecraft:arrow":13,"minecraft:rotten_flesh":21,"minecraft:cooked_cod":2,"minecraft:mutton":4,"minecraft:cod":14,"minecraft:white_wool":3,"minecraft:cobblestone":764,"minecraft:cooked_beef":7,"minecraft:andesite":115,"minecraft:salmon":4,"minecraft:leather":5,"minecraft:potato":103,"minecraft:flint":4,"minecraft:lily_pad":2,"minecraft:lapis_lazuli":19,"minecraft:dirt":100,"minecraft:bone":20,"minecraft:acacia_planks":104,"minecraft:bow":2,"minecraft:wheat_seeds":72,"minecraft:iron_ingot":2,"minecraft:stone_pickaxe":2,"minecraft:iron_ore":162,"minecraft:fletching_table":2,"minecraft:pumpkin":14,"minecraft:poisonous_potato":2,"minecraft:gravel":87,"minecraft:spruce_sapling":33,"minecraft:blast_furnace":1,"minecraft:white_bed":5,"minecraft:spruce_log":425,"minecraft:gold_ore":11,"minecraft:spider_eye":4,"minecraft:purple_bed":18,"minecraft:diamond":5,"minecraft:stone_axe":1,"minecraft:granite":41,"minecraft:bread":9,"minecraft:coal":584}},"DataVersion":2230}