{"stats":{"minecraft:crafted":{"minecraft:cookie":144,"minecraft:stone_shovel":1,"minecraft:fishing_rod":1,"minecraft:furnace":4,"minecraft:stone":310,"minecraft:cooked_mutton":4,"minecraft:suspicious_stew":4,"minecraft:bow":5,"minecraft:iron_boots":2,"minecraft:iron_axe":1,"minecraft:stone_pickaxe":12,"minecraft:cooked_cod":13,"minecraft:crossbow":5,"minecraft:wooden_shovel":1,"minecraft:emerald":198,"minecraft:arrow":160,"minecraft:diamond_axe":2,"minecraft:crafting_table":5,"minecraft:spruce_planks":1864,"minecraft:wooden_pickaxe":2,"minecraft:iron_helmet":2,"minecraft:cooked_salmon":3,"minecraft:fletching_table":1,"minecraft:stone_axe":3,"minecraft:enchanted_book":2,"minecraft:bread":65,"minecraft:air":0,"minecraft:apple":56,"minecraft:iron_chestplate":2,"minecraft:shield":2,"minecraft:stick":3683,"minecraft:iron_ingot":142,"minecraft:iron_pickaxe":2,"minecraft:wooden_axe":2,"minecraft:stone_sword":2,"minecraft:iron_leggings":2,"minecraft:gold_ingot":11,"minecraft:white_bed":1,"minecraft:acacia_planks":128,"minecraft:torch":128},"minecraft:dropped":{"minecraft:enchanted_book":1,"minecraft:bread":30,"minecraft:wheat_seeds":15,"minecraft:diamond_axe":1,"minecraft:poisonous_potato":2,"minecraft:cobblestone":1,"minecraft:leather":1,"minecraft:granite":21,"minecraft:pufferfish":3,"minecraft:dirt":5,"minecraft:diorite":266,"minecraft:wooden_axe":1,"minecraft:string":2,"minecraft:gravel":1,"minecraft:bowl":1,"minecraft:rotten_flesh":5,"minecraft:carrot":16,"minecraft:potato":35,"minecraft:andesite":16,"minecraft:spider_eye":2,"minecraft:sandstone":1,"minecraft:arrow":3,"minecraft:egg":1},"minecraft:broken":{"minecraft:wooden_shovel":1,"minecraft:wooden_pickaxe":1,"minecraft:stone_pickaxe":11,"minecraft:stone_axe":2,"minecraft:iron_pickaxe":1,"minecraft:wooden_axe":2},"minecraft:killed_by":{"minecraft:spider":1},"minecraft:killed":{"minecraft:spider":5,"minecraft:skeleton":18,"minecraft:sheep":3,"minecraft:zombie":19,"minecraft:cow":2},"minecraft:custom":{"minecraft:mob_kills":51,"minecraft:interact_with_crafting_table":59,"minecraft:leave_game":11,"minecraft:time_since_death":314613,"minecraft:sprint_one_cm":889328,"minecraft:walk_one_cm":948304,"minecraft:damage_blocked_by_shield":2165,"minecraft:drop":44,"minecraft:talked_to_villager":285,"minecraft:deaths":2,"minecraft:sneak_time":2860,"minecraft:walk_under_water_one_cm":7309,"minecraft:boat_one_cm":13640,"minecraft:jump":4315,"minecraft:interact_with_blast_furnace":21,"minecraft:walk_on_water_one_cm":20638,"minecraft:interact_with_furnace":98,"minecraft:traded_with_villager":259,"minecraft:play_one_minute":401768,"minecraft:interact_with_grindstone":2,"minecraft:sleep_in_bed":28,"minecraft:time_since_rest":26364,"minecraft:damage_taken":3457,"minecraft:damage_dealt":9153,"minecraft:fly_one_cm":661470,"minecraft:swim_one_cm":3063,"minecraft:open_chest":43,"minecraft:crouch_one_cm":6721,"minecraft:fish_caught":21,"minecraft:fall_one_cm":59944},"minecraft:used":{"minecraft:stone_sword":131,"minecraft:stone_shovel":108,"minecraft:wooden_shovel":59,"minecraft:cooked_salmon":3,"minecraft:torch":108,"minecraft:dirt":21,"minecraft:carrot":6,"minecraft:spruce_fence":4,"minecraft:wooden_axe":99,"minecraft:iron_axe":134,"minecraft:furnace":7,"minecraft:cooked_cod":12,"minecraft:potato":47,"minecraft:wheat_seeds":26,"minecraft:cooked_mutton":3,"minecraft:diorite":1,"minecraft:iron_ore":1,"minecraft:stone_pickaxe":1506,"minecraft:cartography_table":1,"minecraft:lily_pad":1,"minecraft:wooden_pickaxe":107,"minecraft:fletching_table":3,"minecraft:diamond_axe":303,"minecraft:cookie":71,"minecraft:crafting_table":23,"minecraft:spider_eye":1,"minecraft:white_bed":5,"minecraft:bread":41,"minecraft:iron_pickaxe":371,"minecraft:lectern":34,"minecraft:gravel":43,"minecraft:pufferfish":1,"minecraft:stone_axe":268,"minecraft:fishing_rod":33,"minecraft:cobblestone":23,"minecraft:purple_bed":18,"minecraft:andesite":9},"minecraft:mined":{"minecraft:diamond_ore":5,"minecraft:white_bed":5,"minecraft:granite":23,"minecraft:acacia_log":32,"minecraft:grass_block":29,"minecraft:spruce_fence":4,"minecraft:spruce_leaves":106,"minecraft:cartography_table":1,"minecraft:redstone_ore":10,"minecraft:furnace":3,"minecraft:carrots":6,"minecraft:iron_ore":231,"minecraft:andesite":81,"minecraft:pumpkin":28,"minecraft:fletching_table":2,"minecraft:potatoes":42,"minecraft:stone":591,"minecraft:acacia_leaves":11,"minecraft:crafting_table":19,"minecraft:clay":46,"minecraft:lectern":33,"minecraft:cobblestone":3,"minecraft:lapis_ore":3,"minecraft:diorite":205,"minecraft:purple_bed":19,"minecraft:wheat":29,"minecraft:spruce_log":476,"minecraft:grass":23,"minecraft:coal_ore":799,"minecraft:gravel":90,"minecraft:dirt":49,"minecraft:gold_ore":11},"minecraft:picked_up":{"minecraft:wooden_axe":1,"minecraft:fishing_rod":2,"minecraft:crafting_table":19,"minecraft:wheat":25,"minecraft:clay_ball":180,"minecraft:string":7,"minecraft:cooked_salmon":2,"minecraft:pufferfish":5,"minecraft:cartography_table":1,"minecraft:beef":3,"minecraft:lectern":34,"minecraft:sugar_cane":3,"minecraft:furnace":3,"minecraft:egg":4,"minecraft:sandstone":1,"minecraft:stick":26,"minecraft:acacia_log":32,"minecraft:torch":3,"minecraft:bowl":1,"minecraft:spruce_fence":4,"minecraft:cookie":16,"minecraft:diorite":277,"minecraft:carrot":22,"minecraft:redstone":45,"minecraft:stone_sword":1,"minecraft:arrow":18,"minecraft:rotten_flesh":27,"minecraft:cooked_cod":2,"minecraft:mutton":4,"minecraft:cod":14,"minecraft:white_wool":3,"minecraft:cobblestone":798,"minecraft:cooked_beef":7,"minecraft:andesite":115,"minecraft:salmon":4,"minecraft:leather":5,"minecraft:potato":103,"minecraft:flint":4,"minecraft:lily_pad":2,"minecraft:lapis_lazuli":19,"minecraft:dirt":113,"minecraft:bone":23,"minecraft:acacia_planks":104,"minecraft:bow":2,"minecraft:wheat_seeds":72,"minecraft:iron_ingot":2,"minecraft:stone_pickaxe":2,"minecraft:iron_ore":231,"minecraft:fletching_table":2,"minecraft:book":7,"minecraft:pumpkin":28,"minecraft:poisonous_potato":2,"minecraft:gravel":89,"minecraft:spruce_sapling":33,"minecraft:blast_furnace":1,"minecraft:white_bed":5,"minecraft:spruce_log":461,"minecraft:gold_ore":11,"minecraft:spider_eye":5,"minecraft:purple_bed":19,"minecraft:diamond":5,"minecraft:stone_axe":1,"minecraft:granite":42,"minecraft:bread":9,"minecraft:coal":797}},"DataVersion":2230}