{"stat.useItem.minecraft.mushroom_stew":1,"stat.pickup.minecraft.bone":16,"stat.useItem.minecraft.iron_axe":71,"stat.leaveGame":3,"stat.mineBlock.minecraft.cobblestone":50,"stat.mineBlock.minecraft.pumpkin":2,"stat.pickup.minecraft.stone_pickaxe":5,"stat.pickup.minecraft.flint":3,"stat.entityKilledBy.Witch":1,"stat.craftItem.minecraft.iron_axe":1,"stat.mineBlock.minecraft.brown_mushroom":1,"stat.swimOneCm":20742,"stat.useItem.minecraft.planks":2,"stat.craftItem.minecraft.shield":1,"stat.mineBlock.minecraft.web":5,"stat.pickup.minecraft.glowstone_dust":2,"stat.useItem.minecraft.dirt":200,"stat.useItem.minecraft.stone_slab2":36,"stat.pickup.minecraft.iron_boots":1,"stat.mineBlock.minecraft.red_mushroom":11,"stat.useItem.minecraft.water_bucket":27,"stat.pickup.minecraft.rotten_flesh":63,"stat.pickup.minecraft.sand":65,"stat.pickup.minecraft.stone_hoe":1,"stat.craftItem.minecraft.furnace":7,"stat.craftItem.minecraft.stone_axe":1,"stat.craftItem.minecraft.iron_boots":1,"stat.pickup.minecraft.name_tag":1,"stat.pickup.minecraft.bucket":2,"stat.craftItem.minecraft.stone_pickaxe":3,"stat.pickup.minecraft.cobblestone":426,"stat.pickup.minecraft.leather_boots":1,"stat.mineBlock.minecraft.clay":1,"stat.craftItem.minecraft.stone_sword":2,"stat.flyOneCm":319122,"stat.pickup.minecraft.glass_bottle":1,"stat.craftItem.minecraft.iron_shovel":1,"stat.pickup.minecraft.brown_mushroom":1,"stat.mineBlock.minecraft.sand":51,"stat.killEntity.Witch":1,"stat.pickup.minecraft.fish":15,"stat.craftItem.minecraft.cooked_fish":17,"stat.pickup.minecraft.redstone":20,"stat.mineBlock.minecraft.iron_ore":109,"stat.timeSinceDeath":119309,"stat.useItem.minecraft.iron_pickaxe":291,"stat.pickup.minecraft.stained_hardened_clay":5,"stat.craftItem.minecraft.wooden_pickaxe":2,"stat.pickup.minecraft.mutton":34,"stat.useItem.minecraft.iron_shovel":219,"stat.craftItem.minecraft.bed":1,"stat.pickup.minecraft.wooden_axe":2,"stat.furnaceInteraction":73,"stat.killEntity.ZombieVillager":1,"stat.mineBlock.minecraft.coal_ore":124,"stat.killEntity.Creeper":1,"stat.craftItem.minecraft.stone_hoe":2,"stat.pickup.minecraft.wooden_sword":2,"stat.pickup.minecraft.string":10,"stat.useItem.minecraft.cooked_mutton":22,"stat.pickup.minecraft.furnace":2,"stat.entityKilledBy.Skeleton":3,"stat.craftItem.minecraft.stone_slab2":0,"stat.sprintOneCm":387057,"stat.pickup.minecraft.iron_chestplate":2,"stat.craftItem.minecraft.stick":60,"stat.craftItem.minecraft.wooden_axe":1,"stat.pickup.minecraft.potion":2,"stat.useItem.minecraft.wheat_seeds":31,"stat.mineBlock.minecraft.crafting_table":1,"stat.useItem.minecraft.bucket":31,"stat.deaths":7,"stat.pickup.minecraft.bowl":4,"stat.drop":2,"stat.pickup.minecraft.egg":1,"stat.playOneMinute":201663,"stat.useItem.minecraft.wooden_sword":3,"stat.killEntity.Sheep":2,"stat.craftItem.minecraft.iron_pickaxe":4,"stat.killEntity.Zombie":22,"stat.mineBlock.minecraft.gold_ore":38,"stat.mineBlock.minecraft.tallgrass":560,"stat.craftItem.minecraft.cooked_mutton":19,"stat.fishCaught":15,"stat.diveOneCm":15538,"stat.pickup.minecraft.cooked_mutton":3,"stat.chestOpened":19,"stat.pickup.minecraft.pumpkin":2,"stat.craftItem.minecraft.mushroom_stew":1,"stat.useItem.minecraft.stone":11,"stat.pickup.minecraft.gravel":27,"stat.pickup.minecraft.arrow":22,"stat.pickup.minecraft.stone_axe":1,"stat.useItem.minecraft.potion":1,"stat.drop.minecraft.iron_pickaxe":1,"stat.jump":2780,"stat.useItem.minecraft.sand":35,"stat.pickup.minecraft.coal":305,"stat.fallOneCm":27478,"stat.pickup.minecraft.iron_ingot":40,"stat.useItem.minecraft.stone_axe":11,"stat.crouchOneCm":7766,"stat.pickup.minecraft.spider_eye":3,"stat.craftItem.minecraft.torch":80,"stat.craftItem.minecraft.iron_ingot":80,"stat.pickup.minecraft.dirt":273,"stat.craftItem.minecraft.iron_helmet":1,"stat.pickup.minecraft.red_mushroom":11,"stat.drop.minecraft.bed":1,"stat.craftingTableInteraction":62,"stat.pickup.minecraft.iron_ore":146,"stat.pickup.minecraft.gold_ore":37,"stat.mineBlock.minecraft.leaves2":24,"stat.mineBlock.minecraft.log2":60,"stat.pickup.minecraft.wooden_pickaxe":3,"stat.damageTaken":3342,"stat.mineBlock.minecraft.torch":2,"stat.useItem.minecraft.wooden_pickaxe":71,"stat.useItem.minecraft.reeds":26,"stat.useItem.minecraft.furnace":3,"stat.craftItem.minecraft.wooden_sword":1,"stat.pickup.minecraft.log2":59,"stat.pickup.minecraft.planks":145,"stat.pickup.minecraft.reeds":55,"stat.pickup.minecraft.bed":6,"stat.pickup.minecraft.wheat_seeds":65,"stat.entityKilledBy.Zombie":2,"stat.mineBlock.minecraft.gravel":30,"stat.useItem.minecraft.stone_pickaxe":243,"stat.useItem.minecraft.stone_sword":139,"stat.craftItem.minecraft.iron_leggings":1,"stat.damageDealt":10153,"stat.sleepInBed":10,"stat.craftItem.minecraft.bowl":4,"stat.mineBlock.minecraft.dirt":243,"stat.craftItem.minecraft.iron_sword":1,"stat.walkOneCm":688897,"stat.useItem.minecraft.torch":57,"stat.pickup.minecraft.stick":5,"stat.pickup.minecraft.crafting_table":1,"stat.pickup.minecraft.clay_ball":4,"stat.useItem.minecraft.cobblestone":111,"stat.craftItem.minecraft.crafting_table":6,"stat.useItem.minecraft.gravel":14,"stat.mineBlock.minecraft.double_plant":4,"stat.useItem.minecraft.lava_bucket":4,"stat.pickup.minecraft.log":18,"stat.useItem.minecraft.cooked_fish":3,"stat.pickup.minecraft.iron_pickaxe":1,"stat.craftItem.minecraft.gold_ingot":32,"stat.pickup.minecraft.stone":47,"stat.craftItem.minecraft.iron_chestplate":2,"stat.pickup.minecraft.sapling":9,"stat.entityKilledBy.Enderman":1,"stat.pickup.minecraft.gold_ingot":16,"stat.killEntity.Skeleton":14,"stat.craftItem.minecraft.bucket":2,"stat.craftItem.minecraft.planks":84,"stat.useItem.minecraft.iron_sword":87,"stat.killEntity.Spider":5,"stat.pickup.minecraft.stone_sword":5,"stat.craftItem.minecraft.fishing_rod":1,"stat.mobKills":51,"stat.mineBlock.minecraft.log":6,"stat.useItem.minecraft.stone_hoe":42,"stat.mineBlock.minecraft.leaves":40,"stat.pickup.minecraft.torch":52,"stat.mineBlock.minecraft.redstone_ore":2,"stat.sneakTime":4134,"stat.pickup.minecraft.wool":20,"stat.useItem.minecraft.wooden_axe":14,"stat.pickup.minecraft.yellow_flower":3,"stat.mineBlock.minecraft.stone":247,"stat.useItem.minecraft.fishing_rod":20}