{"stat.useItem.minecraft.mushroom_stew":1,"stat.pickup.minecraft.bone":20,"stat.useItem.minecraft.iron_axe":72,"stat.leaveGame":3,"stat.mineBlock.minecraft.cobblestone":50,"stat.mineBlock.minecraft.pumpkin":2,"stat.pickup.minecraft.stone_pickaxe":5,"stat.pickup.minecraft.flint":3,"stat.entityKilledBy.Witch":1,"stat.craftItem.minecraft.iron_axe":1,"stat.mineBlock.minecraft.brown_mushroom":1,"stat.mineBlock.minecraft.acacia_fence":1,"stat.craftItem.minecraft.acacia_fence_gate":1,"stat.mineBlock.minecraft.sandstone":6,"stat.swimOneCm":26581,"stat.useItem.minecraft.planks":5,"stat.craftItem.minecraft.shield":1,"stat.climbOneCm":2204,"stat.mineBlock.minecraft.web":5,"stat.pickup.minecraft.glowstone_dust":2,"stat.useItem.minecraft.dirt":376,"stat.useItem.minecraft.stone_slab2":44,"stat.pickup.minecraft.iron_boots":1,"stat.mineBlock.minecraft.red_mushroom":11,"stat.useItem.minecraft.water_bucket":27,"stat.pickup.minecraft.rotten_flesh":63,"stat.pickup.minecraft.sand":67,"stat.pickup.minecraft.stone_hoe":2,"stat.craftItem.minecraft.furnace":7,"stat.craftItem.minecraft.stone_axe":1,"stat.craftItem.minecraft.iron_boots":2,"stat.pickup.minecraft.name_tag":1,"stat.pickup.minecraft.bucket":2,"stat.craftItem.minecraft.stone_pickaxe":3,"stat.pickup.minecraft.cobblestone":524,"stat.pickup.minecraft.leather_boots":1,"stat.mineBlock.minecraft.clay":1,"stat.craftItem.minecraft.stone_sword":2,"stat.flyOneCm":382888,"stat.pickup.minecraft.glass_bottle":1,"stat.craftItem.minecraft.iron_shovel":2,"stat.pickup.minecraft.sandstone":6,"stat.pickup.minecraft.brown_mushroom":1,"stat.mineBlock.minecraft.sand":53,"stat.killEntity.Witch":1,"stat.pickup.minecraft.fish":17,"stat.craftItem.minecraft.cooked_fish":17,"stat.pickup.minecraft.redstone":20,"stat.mineBlock.minecraft.iron_ore":145,"stat.timeSinceDeath":35839,"stat.useItem.minecraft.iron_pickaxe":557,"stat.pickup.minecraft.stained_hardened_clay":5,"stat.craftItem.minecraft.wooden_pickaxe":2,"stat.pickup.minecraft.mutton":34,"stat.useItem.minecraft.iron_shovel":392,"stat.craftItem.minecraft.bed":1,"stat.useItem.minecraft.potato":5,"stat.pickup.minecraft.wooden_axe":2,"stat.furnaceInteraction":77,"stat.killEntity.ZombieVillager":1,"stat.mineBlock.minecraft.coal_ore":231,"stat.craftItem.minecraft.acacia_fence":39,"stat.killEntity.Creeper":3,"stat.pickup.minecraft.shield":1,"stat.craftItem.minecraft.stone_hoe":2,"stat.talkedToVillager":37,"stat.pickup.minecraft.wooden_sword":2,"stat.pickup.minecraft.string":10,"stat.useItem.minecraft.cooked_mutton":25,"stat.pickup.minecraft.furnace":2,"stat.entityKilledBy.Skeleton":3,"stat.craftItem.minecraft.stone_slab2":0,"stat.sprintOneCm":506088,"stat.pickup.minecraft.iron_chestplate":3,"stat.craftItem.minecraft.stick":100,"stat.craftItem.minecraft.wooden_axe":1,"stat.useItem.minecraft.acacia_fence":32,"stat.pickup.minecraft.potion":2,"stat.useItem.minecraft.wheat_seeds":57,"stat.mineBlock.minecraft.crafting_table":1,"stat.killEntity.Husk":1,"stat.useItem.minecraft.dye":47,"stat.useItem.minecraft.bucket":31,"stat.deaths":8,"stat.pickup.minecraft.bowl":4,"stat.drop":2,"stat.pickup.minecraft.egg":1,"stat.playOneMinute":251163,"stat.useItem.minecraft.wooden_sword":3,"stat.killEntity.Sheep":2,"stat.craftItem.minecraft.iron_pickaxe":4,"stat.killEntity.Zombie":23,"stat.craftItem.minecraft.dye":48,"stat.mineBlock.minecraft.gold_ore":38,"stat.mineBlock.minecraft.tallgrass":568,"stat.craftItem.minecraft.cooked_mutton":19,"stat.fishCaught":15,"stat.diveOneCm":19980,"stat.pickup.minecraft.cooked_mutton":3,"stat.pickup.minecraft.wheat":32,"stat.chestOpened":26,"stat.pickup.minecraft.pumpkin":4,"stat.craftItem.minecraft.mushroom_stew":1,"stat.useItem.minecraft.stone":11,"stat.pickup.minecraft.gravel":27,"stat.pickup.minecraft.arrow":42,"stat.pickup.minecraft.stone_axe":1,"stat.useItem.minecraft.potion":1,"stat.drop.minecraft.iron_pickaxe":1,"stat.jump":3370,"stat.useItem.minecraft.sand":35,"stat.pickup.minecraft.coal":410,"stat.pickup.minecraft.iron_helmet":1,"stat.fallOneCm":34023,"stat.pickup.minecraft.iron_ingot":89,"stat.useItem.minecraft.stone_axe":11,"stat.pickup.minecraft.gunpowder":2,"stat.crouchOneCm":8590,"stat.pickup.minecraft.spider_eye":3,"stat.craftItem.minecraft.torch":112,"stat.craftItem.minecraft.iron_ingot":80,"stat.craftItem.minecraft.chest":2,"stat.pickup.minecraft.dirt":437,"stat.craftItem.minecraft.iron_helmet":1,"stat.pickup.minecraft.red_mushroom":11,"stat.drop.minecraft.bed":1,"stat.craftingTableInteraction":69,"stat.pickup.minecraft.iron_ore":182,"stat.pickup.minecraft.gold_ore":37,"stat.pickup.minecraft.iron_axe":1,"stat.mineBlock.minecraft.leaves2":24,"stat.mineBlock.minecraft.log2":60,"stat.pickup.minecraft.wooden_pickaxe":3,"stat.damageTaken":3599,"stat.mineBlock.minecraft.torch":2,"stat.useItem.minecraft.wooden_pickaxe":71,"stat.useItem.minecraft.reeds":35,"stat.useItem.minecraft.furnace":3,"stat.craftItem.minecraft.wooden_sword":1,"stat.pickup.minecraft.log2":59,"stat.pickup.minecraft.dye":43,"stat.pickup.minecraft.planks":145,"stat.pickup.minecraft.reeds":103,"stat.pickup.minecraft.bed":6,"stat.pickup.minecraft.wheat_seeds":110,"stat.pickup.minecraft.acacia_fence":9,"stat.pickup.minecraft.potato":14,"stat.entityKilledBy.Zombie":2,"stat.mineBlock.minecraft.gravel":30,"stat.useItem.minecraft.stone_pickaxe":243,"stat.useItem.minecraft.stone_sword":139,"stat.craftItem.minecraft.iron_leggings":2,"stat.damageDealt":11253,"stat.sleepInBed":12,"stat.craftItem.minecraft.bowl":4,"stat.mineBlock.minecraft.dirt":414,"stat.craftItem.minecraft.iron_sword":2,"stat.walkOneCm":949280,"stat.useItem.minecraft.torch":75,"stat.animalsBred":1,"stat.useItem.minecraft.chest":1,"stat.pickup.minecraft.stick":6,"stat.pickup.minecraft.crafting_table":1,"stat.pickup.minecraft.clay_ball":4,"stat.useItem.minecraft.cobblestone":111,"stat.craftItem.minecraft.crafting_table":6,"stat.useItem.minecraft.gravel":14,"stat.mineBlock.minecraft.double_plant":4,"stat.useItem.minecraft.lava_bucket":4,"stat.pickup.minecraft.log":18,"stat.useItem.minecraft.cooked_fish":3,"stat.pickup.minecraft.iron_pickaxe":3,"stat.craftItem.minecraft.gold_ingot":32,"stat.pickup.minecraft.stone":70,"stat.craftItem.minecraft.iron_chestplate":2,"stat.pickup.minecraft.sapling":9,"stat.pickup.minecraft.wooden_door":1,"stat.entityKilledBy.Enderman":1,"stat.pickup.minecraft.gold_ingot":16,"stat.killEntity.Skeleton":16,"stat.craftItem.minecraft.bucket":2,"stat.craftItem.minecraft.planks":152,"stat.useItem.minecraft.iron_sword":126,"stat.killEntity.Spider":5,"stat.pickup.minecraft.stone_sword":5,"stat.craftItem.minecraft.fishing_rod":1,"stat.mobKills":57,"stat.mineBlock.minecraft.log":6,"stat.useItem.minecraft.stone_hoe":42,"stat.mineBlock.minecraft.leaves":40,"stat.pickup.minecraft.torch":53,"stat.mineBlock.minecraft.redstone_ore":2,"stat.sneakTime":4548,"stat.pickup.minecraft.wool":20,"stat.useItem.minecraft.wooden_axe":14,"stat.pickup.minecraft.yellow_flower":3,"stat.mineBlock.minecraft.stone":365,"stat.useItem.minecraft.fishing_rod":20}