{"stat.leaveGame":9,"stat.craftItem.minecraft.iron_axe":1,"stat.useItem.minecraft.lead":1,"stat.mineBlock.minecraft.sandstone":6,"stat.useItem.minecraft.planks":5,"stat.craftItem.minecraft.shield":3,"stat.mineBlock.minecraft.web":5,"stat.pickup.minecraft.glowstone_dust":2,"stat.mineBlock.minecraft.red_mushroom":11,"stat.useItem.minecraft.water_bucket":32,"stat.pickup.minecraft.rotten_flesh":80,"stat.pickup.minecraft.sand":133,"stat.craftItem.minecraft.stone_axe":1,"stat.pickup.minecraft.name_tag":1,"stat.pickup.minecraft.bucket":2,"stat.pickup.minecraft.leather_boots":1,"stat.craftItem.minecraft.stone_sword":2,"stat.craftItem.minecraft.iron_shovel":3,"stat.pickup.minecraft.brown_mushroom":1,"stat.mineBlock.minecraft.sand":121,"stat.killEntity.Witch":1,"stat.craftItem.minecraft.cooked_fish":17,"stat.useItem.minecraft.iron_pickaxe":760,"stat.pickup.minecraft.stained_hardened_clay":5,"stat.craftItem.minecraft.wooden_pickaxe":2,"stat.useItem.minecraft.iron_shovel":611,"stat.craftItem.minecraft.bed":1,"stat.furnaceInteraction":111,"stat.killEntity.ZombieVillager":1,"stat.useItem.minecraft.cooked_mutton":34,"stat.pickup.minecraft.furnace":2,"stat.pickup.minecraft.iron_chestplate":3,"stat.useItem.minecraft.acacia_fence":58,"stat.pickup.minecraft.potion":2,"stat.useItem.minecraft.wheat_seeds":87,"stat.killEntity.Husk":1,"stat.useItem.minecraft.dye":64,"stat.deaths":8,"stat.pickup.minecraft.bowl":4,"stat.pickup.minecraft.egg":9,"stat.playOneMinute":366636,"stat.craftItem.minecraft.iron_pickaxe":4,"stat.mineBlock.minecraft.tallgrass":599,"stat.craftItem.minecraft.cooked_mutton":19,"stat.fishCaught":15,"stat.pickup.minecraft.cooked_mutton":3,"stat.chestOpened":52,"stat.pickup.minecraft.pumpkin":12,"stat.craftItem.minecraft.mushroom_stew":1,"stat.useItem.minecraft.stone":17,"stat.pickup.minecraft.arrow":48,"stat.useItem.minecraft.acacia_fence_gate":1,"stat.drop.minecraft.iron_pickaxe":1,"stat.fallOneCm":54908,"stat.pickup.minecraft.carrot":43,"stat.crouchOneCm":10126,"stat.craftItem.minecraft.iron_ingot":112,"stat.craftItem.minecraft.chest":4,"stat.pickup.minecraft.red_mushroom":11,"stat.craftingTableInteraction":83,"stat.mineBlock.minecraft.log2":60,"stat.pickup.minecraft.wooden_pickaxe":3,"stat.useItem.minecraft.reeds":55,"stat.useItem.minecraft.furnace":3,"stat.craftItem.minecraft.wooden_sword":1,"stat.pickup.minecraft.dye":43,"stat.pickup.minecraft.planks":145,"stat.pickup.minecraft.wheat_seeds":162,"stat.pickup.minecraft.lead":2,"stat.mineBlock.minecraft.gravel":30,"stat.useItem.minecraft.stone_pickaxe":243,"stat.useItem.minecraft.stone_sword":139,"stat.craftItem.minecraft.iron_leggings":2,"stat.mineBlock.minecraft.dirt":578,"stat.useItem.minecraft.torch":82,"stat.pickup.minecraft.crafting_table":1,"stat.useItem.minecraft.cobblestone":147,"stat.craftItem.minecraft.crafting_table":7,"stat.useItem.minecraft.gravel":14,"stat.mineBlock.minecraft.double_plant":4,"stat.pickup.minecraft.log":18,"stat.useItem.minecraft.cooked_fish":3,"stat.pickup.minecraft.iron_pickaxe":3,"stat.craftItem.minecraft.gold_ingot":32,"stat.pickup.minecraft.sapling":11,"stat.pickup.minecraft.wooden_door":1,"stat.entityKilledBy.Enderman":1,"stat.craftItem.minecraft.bucket":4,"stat.craftItem.minecraft.planks":192,"stat.useItem.minecraft.iron_sword":232,"stat.pickup.minecraft.stone_sword":5,"stat.craftItem.minecraft.fishing_rod":1,"stat.mineBlock.minecraft.log":6,"stat.useItem.minecraft.stone_hoe":127,"stat.craftItem.minecraft.paper":27,"stat.pickup.minecraft.red_flower":1,"stat.sneakTime":5393,"stat.pickup.minecraft.wool":149,"stat.useItem.minecraft.baked_potato":8,"stat.useItem.minecraft.wooden_axe":14,"stat.pickup.minecraft.yellow_flower":8,"stat.useItem.minecraft.fishing_rod":20,"stat.useItem.minecraft.mushroom_stew":1,"stat.pickup.minecraft.bone":25,"stat.useItem.minecraft.iron_axe":90,"stat.mineBlock.minecraft.cobblestone":50,"stat.mineBlock.minecraft.pumpkin":10,"stat.pickup.minecraft.stone_pickaxe":5,"stat.pickup.minecraft.flint":3,"stat.mineBlock.minecraft.yellow_flower":5,"stat.entityKilledBy.Witch":1,"stat.mineBlock.minecraft.brown_mushroom":1,"stat.mineBlock.minecraft.acacia_fence":3,"stat.craftItem.minecraft.acacia_fence_gate":3,"stat.swimOneCm":44653,"stat.climbOneCm":2457,"stat.useItem.minecraft.dirt":512,"stat.useItem.minecraft.stone_slab2":55,"stat.pickup.minecraft.iron_boots":1,"stat.pickup.minecraft.stone_hoe":2,"stat.craftItem.minecraft.furnace":7,"stat.useItem.minecraft.egg":6,"stat.craftItem.minecraft.iron_boots":2,"stat.craftItem.minecraft.stone_pickaxe":3,"stat.pickup.minecraft.cobblestone":635,"stat.mineBlock.minecraft.clay":1,"stat.flyOneCm":671964,"stat.pickup.minecraft.glass_bottle":1,"stat.pickup.minecraft.sandstone":6,"stat.pickup.minecraft.fish":17,"stat.pickup.minecraft.redstone":42,"stat.mineBlock.minecraft.iron_ore":147,"stat.timeSinceDeath":151312,"stat.pickup.minecraft.mutton":36,"stat.useItem.minecraft.potato":63,"stat.pickup.minecraft.wooden_axe":2,"stat.mineBlock.minecraft.coal_ore":258,"stat.craftItem.minecraft.acacia_fence":60,"stat.killEntity.Creeper":3,"stat.pickup.minecraft.shield":1,"stat.craftItem.minecraft.stone_hoe":2,"stat.talkedToVillager":72,"stat.pickup.minecraft.wooden_sword":2,"stat.pickup.minecraft.string":17,"stat.entityKilledBy.Skeleton":3,"stat.craftItem.minecraft.stone_slab2":0,"stat.sprintOneCm":833210,"stat.craftItem.minecraft.stick":128,"stat.craftItem.minecraft.wooden_axe":1,"stat.mineBlock.minecraft.crafting_table":1,"stat.useItem.minecraft.carrot":18,"stat.useItem.minecraft.bucket":37,"stat.drop":2,"stat.useItem.minecraft.wooden_sword":3,"stat.killEntity.Sheep":3,"stat.pickup.minecraft.slime_ball":8,"stat.craftItem.minecraft.emerald":10,"stat.killEntity.Zombie":40,"stat.craftItem.minecraft.dye":75,"stat.mineBlock.minecraft.gold_ore":38,"stat.diveOneCm":25699,"stat.pickup.minecraft.wheat":60,"stat.pickup.minecraft.gravel":27,"stat.killEntity.Slime":10,"stat.pickup.minecraft.stone_axe":1,"stat.useItem.minecraft.potion":1,"stat.jump":4888,"stat.useItem.minecraft.sand":100,"stat.pickup.minecraft.coal":436,"stat.pickup.minecraft.iron_helmet":1,"stat.pickup.minecraft.iron_ingot":89,"stat.useItem.minecraft.stone_axe":11,"stat.pickup.minecraft.gunpowder":2,"stat.pickup.minecraft.spider_eye":3,"stat.craftItem.minecraft.torch":112,"stat.pickup.minecraft.dirt":590,"stat.craftItem.minecraft.iron_helmet":1,"stat.drop.minecraft.bed":1,"stat.pickup.minecraft.iron_ore":184,"stat.pickup.minecraft.gold_ore":37,"stat.pickup.minecraft.iron_axe":1,"stat.mineBlock.minecraft.leaves2":24,"stat.damageTaken":4216,"stat.mineBlock.minecraft.torch":2,"stat.mineBlock.minecraft.red_flower":1,"stat.useItem.minecraft.wooden_pickaxe":71,"stat.tradedWithVillager":10,"stat.pickup.minecraft.log2":59,"stat.pickup.minecraft.reeds":202,"stat.pickup.minecraft.bed":6,"stat.pickup.minecraft.acacia_fence":11,"stat.pickup.minecraft.potato":116,"stat.entityKilledBy.Zombie":2,"stat.damageDealt":15722,"stat.sleepInBed":13,"stat.craftItem.minecraft.bowl":4,"stat.craftItem.minecraft.baked_potato":51,"stat.craftItem.minecraft.iron_sword":2,"stat.walkOneCm":1498317,"stat.animalsBred":6,"stat.useItem.minecraft.chest":2,"stat.pickup.minecraft.stick":6,"stat.pickup.minecraft.clay_ball":4,"stat.useItem.minecraft.lava_bucket":4,"stat.pickup.minecraft.stone":91,"stat.craftItem.minecraft.iron_chestplate":2,"stat.pickup.minecraft.baked_potato":12,"stat.pickup.minecraft.gold_ingot":16,"stat.killEntity.Skeleton":19,"stat.killEntity.Spider":7,"stat.mobKills":91,"stat.craftItem.minecraft.shears":1,"stat.craftItem.minecraft.lead":2,"stat.mineBlock.minecraft.leaves":52,"stat.pickup.minecraft.torch":53,"stat.mineBlock.minecraft.redstone_ore":7,"stat.mineBlock.minecraft.stone":525,"stat.useItem.minecraft.sandstone":1}