{"stat.useItem.minecraft.mushroom_stew":1,"stat.pickup.minecraft.bone":6,"stat.useItem.minecraft.iron_axe":70,"stat.leaveGame":3,"stat.mineBlock.minecraft.cobblestone":50,"stat.pickup.minecraft.stone_pickaxe":5,"stat.entityKilledBy.Witch":1,"stat.craftItem.minecraft.iron_axe":1,"stat.mineBlock.minecraft.brown_mushroom":1,"stat.swimOneCm":17476,"stat.useItem.minecraft.planks":2,"stat.craftItem.minecraft.shield":1,"stat.pickup.minecraft.glowstone_dust":2,"stat.useItem.minecraft.dirt":36,"stat.useItem.minecraft.stone_slab2":27,"stat.pickup.minecraft.iron_boots":1,"stat.mineBlock.minecraft.red_mushroom":11,"stat.useItem.minecraft.water_bucket":5,"stat.pickup.minecraft.rotten_flesh":56,"stat.pickup.minecraft.sand":54,"stat.pickup.minecraft.stone_hoe":1,"stat.craftItem.minecraft.furnace":7,"stat.craftItem.minecraft.stone_axe":1,"stat.craftItem.minecraft.iron_boots":1,"stat.pickup.minecraft.bucket":2,"stat.craftItem.minecraft.stone_pickaxe":3,"stat.pickup.minecraft.cobblestone":420,"stat.craftItem.minecraft.stone_sword":2,"stat.flyOneCm":189880,"stat.pickup.minecraft.glass_bottle":1,"stat.craftItem.minecraft.iron_shovel":1,"stat.pickup.minecraft.brown_mushroom":1,"stat.mineBlock.minecraft.sand":50,"stat.killEntity.Witch":1,"stat.craftItem.minecraft.cooked_fish":4,"stat.pickup.minecraft.redstone":20,"stat.mineBlock.minecraft.iron_ore":93,"stat.timeSinceDeath":59009,"stat.useItem.minecraft.iron_pickaxe":216,"stat.craftItem.minecraft.wooden_pickaxe":2,"stat.pickup.minecraft.mutton":34,"stat.useItem.minecraft.iron_shovel":47,"stat.craftItem.minecraft.bed":1,"stat.pickup.minecraft.wooden_axe":2,"stat.furnaceInteraction":64,"stat.killEntity.ZombieVillager":1,"stat.mineBlock.minecraft.coal_ore":94,"stat.killEntity.Creeper":1,"stat.craftItem.minecraft.stone_hoe":2,"stat.pickup.minecraft.wooden_sword":2,"stat.pickup.minecraft.string":1,"stat.useItem.minecraft.cooked_mutton":14,"stat.pickup.minecraft.furnace":2,"stat.entityKilledBy.Skeleton":3,"stat.craftItem.minecraft.stone_slab2":0,"stat.sprintOneCm":232568,"stat.pickup.minecraft.iron_chestplate":2,"stat.craftItem.minecraft.stick":52,"stat.craftItem.minecraft.wooden_axe":1,"stat.pickup.minecraft.potion":1,"stat.useItem.minecraft.wheat_seeds":31,"stat.useItem.minecraft.bucket":9,"stat.deaths":7,"stat.pickup.minecraft.bowl":4,"stat.drop":2,"stat.playOneMinute":141363,"stat.useItem.minecraft.wooden_sword":3,"stat.killEntity.Sheep":2,"stat.craftItem.minecraft.iron_pickaxe":2,"stat.killEntity.Zombie":15,"stat.mineBlock.minecraft.gold_ore":16,"stat.mineBlock.minecraft.tallgrass":541,"stat.craftItem.minecraft.cooked_mutton":19,"stat.diveOneCm":10005,"stat.pickup.minecraft.cooked_mutton":3,"stat.chestOpened":14,"stat.craftItem.minecraft.mushroom_stew":1,"stat.useItem.minecraft.stone":11,"stat.pickup.minecraft.arrow":15,"stat.pickup.minecraft.stone_axe":1,"stat.useItem.minecraft.potion":1,"stat.drop.minecraft.iron_pickaxe":1,"stat.jump":2086,"stat.useItem.minecraft.sand":1,"stat.pickup.minecraft.coal":275,"stat.fallOneCm":18263,"stat.pickup.minecraft.iron_ingot":40,"stat.useItem.minecraft.stone_axe":11,"stat.crouchOneCm":7631,"stat.craftItem.minecraft.torch":60,"stat.craftItem.minecraft.iron_ingot":57,"stat.pickup.minecraft.dirt":102,"stat.craftItem.minecraft.iron_helmet":1,"stat.pickup.minecraft.red_mushroom":11,"stat.drop.minecraft.bed":1,"stat.craftingTableInteraction":57,"stat.pickup.minecraft.iron_ore":130,"stat.pickup.minecraft.gold_ore":15,"stat.mineBlock.minecraft.leaves2":24,"stat.mineBlock.minecraft.log2":60,"stat.pickup.minecraft.wooden_pickaxe":3,"stat.damageTaken":2933,"stat.mineBlock.minecraft.torch":1,"stat.useItem.minecraft.wooden_pickaxe":71,"stat.useItem.minecraft.reeds":2,"stat.useItem.minecraft.furnace":3,"stat.craftItem.minecraft.wooden_sword":1,"stat.pickup.minecraft.log2":59,"stat.pickup.minecraft.planks":145,"stat.pickup.minecraft.reeds":43,"stat.pickup.minecraft.bed":6,"stat.pickup.minecraft.wheat_seeds":61,"stat.entityKilledBy.Zombie":2,"stat.useItem.minecraft.stone_pickaxe":243,"stat.useItem.minecraft.stone_sword":139,"stat.craftItem.minecraft.iron_leggings":1,"stat.damageDealt":7081,"stat.sleepInBed":7,"stat.craftItem.minecraft.bowl":4,"stat.mineBlock.minecraft.dirt":66,"stat.craftItem.minecraft.iron_sword":1,"stat.walkOneCm":507813,"stat.useItem.minecraft.torch":41,"stat.pickup.minecraft.stick":5,"stat.useItem.minecraft.cobblestone":111,"stat.craftItem.minecraft.crafting_table":5,"stat.mineBlock.minecraft.double_plant":4,"stat.useItem.minecraft.lava_bucket":4,"stat.pickup.minecraft.log":18,"stat.useItem.minecraft.cooked_fish":3,"stat.pickup.minecraft.iron_pickaxe":1,"stat.craftItem.minecraft.gold_ingot":10,"stat.pickup.minecraft.stone":46,"stat.craftItem.minecraft.iron_chestplate":2,"stat.pickup.minecraft.sapling":9,"stat.entityKilledBy.Enderman":1,"stat.pickup.minecraft.gold_ingot":16,"stat.killEntity.Skeleton":7,"stat.craftItem.minecraft.bucket":2,"stat.craftItem.minecraft.planks":76,"stat.useItem.minecraft.iron_sword":23,"stat.killEntity.Spider":2,"stat.pickup.minecraft.stone_sword":5,"stat.mobKills":34,"stat.mineBlock.minecraft.log":6,"stat.useItem.minecraft.stone_hoe":42,"stat.mineBlock.minecraft.leaves":40,"stat.pickup.minecraft.torch":51,"stat.mineBlock.minecraft.redstone_ore":2,"stat.sneakTime":4109,"stat.pickup.minecraft.wool":20,"stat.useItem.minecraft.wooden_axe":14,"stat.pickup.minecraft.yellow_flower":3,"stat.mineBlock.minecraft.stone":240}