{"stat.useItem.minecraft.bow":3,"stat.pickup.minecraft.bone":10,"stat.horseOneCm":56177,"stat.useItem.minecraft.iron_axe":142,"stat.leaveGame":1,"stat.mineBlock.minecraft.pumpkin":2,"stat.mineBlock.minecraft.cobblestone":8,"stat.pickup.minecraft.stone_pickaxe":2,"stat.useItem.minecraft.bookshelf":11,"stat.craftItem.minecraft.iron_axe":1,"stat.mineBlock.minecraft.acacia_fence":10,"stat.craftItem.minecraft.acacia_fence_gate":4,"stat.swimOneCm":14611,"stat.climbOneCm":418,"stat.useItem.minecraft.planks":15,"stat.pickup.minecraft.glowstone_dust":2,"stat.mineBlock.minecraft.acacia_fence_gate":1,"stat.useItem.minecraft.obsidian":7,"stat.useItem.minecraft.dirt":14,"stat.useItem.minecraft.stone_slab2":36,"stat.pickup.minecraft.bow":2,"stat.pickup.minecraft.iron_boots":1,"stat.mineBlock.minecraft.red_mushroom":1,"stat.useItem.minecraft.water_bucket":15,"stat.pickup.minecraft.rotten_flesh":26,"stat.craftItem.minecraft.furnace":2,"stat.useItem.minecraft.egg":1,"stat.craftItem.minecraft.stone_axe":1,"stat.craftItem.minecraft.iron_boots":1,"stat.useItem.minecraft.iron_ore":2,"stat.craftItem.minecraft.stone_pickaxe":3,"stat.mineBlock.minecraft.obsidian":13,"stat.pickup.minecraft.cobblestone":642,"stat.craftItem.minecraft.stone_sword":1,"stat.flyOneCm":388984,"stat.pickup.minecraft.fish":17,"stat.killEntity.Witch":1,"stat.craftItem.minecraft.cooked_fish":8,"stat.pickup.minecraft.redstone":21,"stat.mineBlock.minecraft.iron_ore":157,"stat.timeSinceDeath":117237,"stat.craftItem.minecraft.acacia_door":3,"stat.useItem.minecraft.iron_pickaxe":754,"stat.craftItem.minecraft.wooden_pickaxe":1,"stat.pickup.minecraft.mutton":22,"stat.drop.minecraft.cooked_mutton":2,"stat.craftItem.minecraft.bed":3,"stat.useItem.minecraft.potato":88,"stat.furnaceInteraction":67,"stat.drop.minecraft.gravel":5,"stat.killEntity.ZombieVillager":3,"stat.mineBlock.minecraft.coal_ore":231,"stat.craftItem.minecraft.acacia_fence":75,"stat.killEntity.Creeper":7,"stat.talkedToVillager":12,"stat.pickup.minecraft.string":5,"stat.useItem.minecraft.cooked_mutton":6,"stat.craftItem.minecraft.stone_slab2":0,"stat.sprintOneCm":404911,"stat.craftItem.minecraft.stick":144,"stat.pickup.minecraft.acacia_door":1,"stat.useItem.minecraft.acacia_fence":83,"stat.mineBlock.minecraft.diamond_ore":5,"stat.useItem.minecraft.wheat_seeds":39,"stat.mineBlock.minecraft.crafting_table":2,"stat.useItem.minecraft.diamond_pickaxe":56,"stat.useItem.minecraft.carrot":17,"stat.useItem.minecraft.bucket":16,"stat.entityKilledBy.Creeper":1,"stat.pickup.minecraft.sugar":1,"stat.deaths":1,"stat.mineBlock.minecraft.planks":5,"stat.drop":4,"stat.pickup.minecraft.egg":11,"stat.playOneMinute":190602,"stat.killEntity.Sheep":14,"stat.craftItem.minecraft.iron_pickaxe":3,"stat.craftItem.minecraft.diamond_pickaxe":1,"stat.killEntity.Zombie":27,"stat.mineBlock.minecraft.gold_ore":32,"stat.mineBlock.minecraft.tallgrass":220,"stat.fishCaught":17,"stat.craftItem.minecraft.cooked_mutton":16,"stat.diveOneCm":13925,"stat.pickup.minecraft.wheat":40,"stat.chestOpened":56,"stat.pickup.minecraft.pumpkin":2,"stat.useItem.minecraft.fish":1,"stat.useItem.minecraft.stone":35,"stat.pickup.minecraft.gravel":29,"stat.pickup.minecraft.arrow":9,"stat.useItem.minecraft.acacia_fence_gate":4,"stat.pickup.minecraft.obsidian":12,"stat.pickup.minecraft.acacia_fence_gate":1,"stat.useItem.minecraft.rotten_flesh":4,"stat.jump":2833,"stat.pickup.minecraft.coal":249,"stat.fallOneCm":43220,"stat.pickup.minecraft.carrot":39,"stat.useItem.minecraft.stone_axe":9,"stat.pickup.minecraft.gunpowder":6,"stat.crouchOneCm":18082,"stat.pickup.minecraft.spider_eye":4,"stat.craftItem.minecraft.chest":5,"stat.craftItem.minecraft.torch":224,"stat.craftItem.minecraft.iron_ingot":147,"stat.pickup.minecraft.dirt":43,"stat.craftItem.minecraft.iron_helmet":1,"stat.pickup.minecraft.red_mushroom":1,"stat.craftingTableInteraction":46,"stat.pickup.minecraft.iron_ore":156,"stat.pickup.minecraft.gold_ore":31,"stat.mineBlock.minecraft.lapis_ore":7,"stat.mineBlock.minecraft.leaves2":18,"stat.mineBlock.minecraft.log2":87,"stat.damageTaken":2117,"stat.mineBlock.minecraft.torch":16,"stat.useItem.minecraft.wooden_pickaxe":26,"stat.useItem.minecraft.furnace":1,"stat.useItem.minecraft.acacia_door":3,"stat.pickup.minecraft.log2":86,"stat.pickup.minecraft.dye":46,"stat.pickup.minecraft.planks":43,"stat.pickup.minecraft.bed":3,"stat.pickup.minecraft.wheat_seeds":103,"stat.pickup.minecraft.acacia_fence":10,"stat.pickup.minecraft.potato":231,"stat.mineBlock.minecraft.gravel":17,"stat.useItem.minecraft.stone_pickaxe":391,"stat.useItem.minecraft.stone_sword":133,"stat.craftItem.minecraft.iron_leggings":1,"stat.damageDealt":11332,"stat.sleepInBed":8,"stat.craftItem.minecraft.baked_potato":76,"stat.mineBlock.minecraft.dirt":43,"stat.useItem.minecraft.crafting_table":2,"stat.pickup.minecraft.poisonous_potato":2,"stat.craftItem.minecraft.iron_sword":1,"stat.walkOneCm":568682,"stat.useItem.minecraft.torch":143,"stat.animalsBred":5,"stat.useItem.minecraft.chest":2,"stat.pickup.minecraft.stick":3,"stat.pickup.minecraft.crafting_table":2,"stat.useItem.minecraft.cobblestone":194,"stat.craftItem.minecraft.crafting_table":2,"stat.useItem.minecraft.gravel":2,"stat.mineBlock.minecraft.double_plant":4,"stat.pickup.minecraft.log":4,"stat.useItem.minecraft.cooked_fish":8,"stat.pickup.minecraft.iron_pickaxe":1,"stat.craftItem.minecraft.gold_ingot":31,"stat.pickup.minecraft.stone":73,"stat.drop.minecraft.sapling":1,"stat.craftItem.minecraft.iron_chestplate":1,"stat.pickup.minecraft.baked_potato":18,"stat.pickup.minecraft.sapling":6,"stat.killEntity.Skeleton":8,"stat.craftItem.minecraft.bookshelf":12,"stat.craftItem.minecraft.bucket":1,"stat.craftItem.minecraft.planks":328,"stat.useItem.minecraft.iron_sword":112,"stat.killEntity.Spider":5,"stat.craftItem.minecraft.fishing_rod":1,"stat.pickup.minecraft.stone_sword":1,"stat.mobKills":65,"stat.pickup.minecraft.book":45,"stat.mineBlock.minecraft.log":4,"stat.mineBlock.minecraft.bookshelf":15,"stat.pickup.minecraft.diamond":5,"stat.mineBlock.minecraft.leaves":3,"stat.pickup.minecraft.torch":19,"stat.mineBlock.minecraft.redstone_ore":8,"stat.sneakTime":8467,"stat.pickup.minecraft.wool":17,"stat.useItem.minecraft.baked_potato":27,"stat.mineBlock.minecraft.stone":736,"stat.useItem.minecraft.fishing_rod":29,"stat.craftItem.minecraft.enchanting_table":1}