{"stats":{"minecraft:custom":{"minecraft:mob_kills":65,"minecraft:animals_bred":1,"minecraft:interact_with_crafting_table":24,"minecraft:leave_game":6,"minecraft:time_since_death":163599,"minecraft:sprint_one_cm":606668,"minecraft:walk_one_cm":492960,"minecraft:drop":10,"minecraft:talked_to_villager":27,"minecraft:deaths":1,"minecraft:sneak_time":2361,"minecraft:walk_under_water_one_cm":205,"minecraft:jump":2347,"minecraft:interact_with_blast_furnace":5,"minecraft:walk_on_water_one_cm":5431,"minecraft:interact_with_furnace":30,"minecraft:traded_with_villager":10,"minecraft:play_one_minute":168497,"minecraft:interact_with_stonecutter":2,"minecraft:interact_with_grindstone":1,"minecraft:sleep_in_bed":12,"minecraft:time_since_rest":4250,"minecraft:damage_taken":2498,"minecraft:damage_dealt":9511,"minecraft:swim_one_cm":1887,"minecraft:fly_one_cm":395977,"minecraft:open_chest":35,"minecraft:crouch_one_cm":9085,"minecraft:fish_caught":22,"minecraft:fall_one_cm":45041},"minecraft:broken":{"minecraft:wooden_pickaxe":1,"minecraft:stone_pickaxe":1,"minecraft:iron_pickaxe":1},"minecraft:picked_up":{"minecraft:crafting_table":6,"minecraft:wheat":11,"minecraft:string":2,"minecraft:wooden_sword":1,"minecraft:large_fern":4,"minecraft:pufferfish":6,"minecraft:spruce_planks":40,"minecraft:beef":18,"minecraft:iron_nugget":3,"minecraft:chest":7,"minecraft:sugar_cane":18,"minecraft:spruce_trapdoor":1,"minecraft:furnace":1,"minecraft:egg":6,"minecraft:stick":16,"minecraft:sandstone":44,"minecraft:torch":5,"minecraft:acacia_log":4,"minecraft:spruce_stairs":9,"minecraft:spruce_fence":11,"minecraft:porkchop":13,"minecraft:diorite":4,"minecraft:stone_pressure_plate":1,"minecraft:tnt":9,"minecraft:arrow":19,"minecraft:rotten_flesh":22,"minecraft:mutton":10,"minecraft:cod":19,"minecraft:white_wool":4,"minecraft:cobblestone":191,"minecraft:salmon":2,"minecraft:leather":14,"minecraft:cut_sandstone":16,"minecraft:brown_wool":1,"minecraft:potato":1,"minecraft:oak_log":4,"minecraft:gunpowder":2,"minecraft:dirt":19,"minecraft:blue_bed":11,"minecraft:orange_terracotta":2,"minecraft:bone":14,"minecraft:bow":1,"minecraft:wheat_seeds":40,"minecraft:iron_ingot":1,"minecraft:iron_ore":35,"minecraft:pumpkin":9,"minecraft:sweet_berries":29,"minecraft:sand":2,"minecraft:spruce_sapling":44,"minecraft:blast_furnace":1,"minecraft:white_bed":7,"minecraft:spruce_log":201,"minecraft:chiseled_sandstone":2,"minecraft:spider_eye":1,"minecraft:purple_bed":1,"minecraft:pumpkin_seeds":4,"minecraft:blue_terracotta":1,"minecraft:bread":39,"minecraft:black_wool":2,"minecraft:coal":239},"minecraft:dropped":{"minecraft:bread":9,"minecraft:cooked_beef":7,"minecraft:cod":2,"minecraft:large_fern":2,"minecraft:white_wool":1,"minecraft:spruce_sapling":8,"minecraft:spruce_planks":39,"minecraft:spider_eye":1},"minecraft:killed":{"minecraft:spider":1,"minecraft:skeleton":14,"minecraft:pig":5,"minecraft:zombie_villager":1,"minecraft:creeper":5,"minecraft:sheep":6,"minecraft:zombie":21,"minecraft:cow":10},"minecraft:mined":{"minecraft:spruce_planks":1,"minecraft:white_bed":5,"minecraft:spruce_trapdoor":1,"minecraft:acacia_log":4,"minecraft:grass_block":10,"minecraft:spruce_fence":11,"minecraft:spruce_leaves":82,"minecraft:sandstone":44,"minecraft:furnace":1,"minecraft:iron_ore":36,"minecraft:chiseled_sandstone":2,"minecraft:pumpkin":9,"minecraft:potatoes":1,"minecraft:stone":153,"minecraft:cut_sandstone":16,"minecraft:orange_terracotta":2,"minecraft:crafting_table":6,"minecraft:torch":1,"minecraft:blast_furnace":1,"minecraft:chest":7,"minecraft:cobblestone":11,"minecraft:sugar_cane":9,"minecraft:diorite":4,"minecraft:wall_torch":2,"minecraft:blue_bed":10,"minecraft:spruce_stairs":9,"minecraft:purple_bed":1,"minecraft:blue_terracotta":1,"minecraft:wheat":14,"minecraft:sweet_berry_bush":5,"minecraft:spruce_log":167,"minecraft:tnt":9,"minecraft:grass":28,"minecraft:coal_ore":240,"minecraft:oak_log":4,"minecraft:sand":2,"minecraft:dirt":14,"minecraft:fern":5},"minecraft:crafted":{"minecraft:wooden_sword":1,"minecraft:oak_planks":16,"minecraft:fishing_rod":1,"minecraft:furnace":1,"minecraft:spruce_fence":258,"minecraft:cooked_mutton":8,"minecraft:iron_axe":1,"minecraft:spruce_wood":3,"minecraft:stone_pickaxe":1,"minecraft:cooked_beef":11,"minecraft:emerald":5,"minecraft:cooked_porkchop":13,"minecraft:crafting_table":1,"minecraft:spruce_planks":652,"minecraft:wooden_pickaxe":1,"minecraft:iron_sword":1,"minecraft:air":0,"minecraft:apple":20,"minecraft:stick":256,"minecraft:iron_ingot":35,"minecraft:iron_pickaxe":2,"minecraft:white_bed":1,"minecraft:acacia_planks":16,"minecraft:torch":128},"minecraft:used":{"minecraft:spruce_planks":82,"minecraft:chest":6,"minecraft:iron_sword":180,"minecraft:rotten_flesh":14,"minecraft:torch":63,"minecraft:dirt":13,"minecraft:mutton":1,"minecraft:spruce_fence":262,"minecraft:iron_axe":223,"minecraft:bow":6,"minecraft:sweet_berries":24,"minecraft:furnace":2,"minecraft:cooked_beef":4,"minecraft:wheat_seeds":9,"minecraft:stone_pickaxe":133,"minecraft:wooden_pickaxe":59,"minecraft:sandstone":43,"minecraft:blue_bed":8,"minecraft:sugar_cane":1,"minecraft:crafting_table":5,"minecraft:blast_furnace":1,"minecraft:white_bed":7,"minecraft:bread":19,"minecraft:iron_pickaxe":335,"minecraft:pufferfish":3,"minecraft:fishing_rod":29,"minecraft:wooden_sword":36,"minecraft:cobblestone":175,"minecraft:purple_bed":1,"minecraft:cooked_porkchop":13}},"DataVersion":2230}