{"stats":{"minecraft:crafted":{"minecraft:wooden_sword":1,"minecraft:oak_planks":16,"minecraft:fishing_rod":1,"minecraft:furnace":1,"minecraft:spruce_fence":258,"minecraft:cooked_mutton":8,"minecraft:glass":21,"minecraft:iron_axe":3,"minecraft:spruce_wood":3,"minecraft:stone_pickaxe":1,"minecraft:cooked_beef":11,"minecraft:emerald":5,"minecraft:cooked_porkchop":13,"minecraft:crafting_table":1,"minecraft:spruce_planks":764,"minecraft:wooden_pickaxe":1,"minecraft:spruce_door":3,"minecraft:iron_sword":1,"minecraft:air":0,"minecraft:apple":20,"minecraft:stick":264,"minecraft:iron_ingot":35,"minecraft:iron_pickaxe":2,"minecraft:iron_shovel":2,"minecraft:sandstone":37,"minecraft:white_bed":1,"minecraft:acacia_planks":16,"minecraft:torch":128},"minecraft:dropped":{"minecraft:bread":9,"minecraft:cooked_beef":7,"minecraft:cod":2,"minecraft:large_fern":2,"minecraft:white_wool":1,"minecraft:spruce_sapling":8,"minecraft:spruce_planks":39,"minecraft:andesite":15,"minecraft:spider_eye":1},"minecraft:picked_up":{"minecraft:crafting_table":6,"minecraft:wheat":11,"minecraft:string":2,"minecraft:wooden_sword":1,"minecraft:large_fern":4,"minecraft:pufferfish":6,"minecraft:spruce_planks":54,"minecraft:beef":18,"minecraft:iron_nugget":3,"minecraft:chest":7,"minecraft:sugar_cane":18,"minecraft:spruce_trapdoor":1,"minecraft:egg":6,"minecraft:furnace":1,"minecraft:stick":16,"minecraft:sandstone":44,"minecraft:torch":7,"minecraft:acacia_log":4,"minecraft:spruce_stairs":9,"minecraft:spruce_fence":11,"minecraft:porkchop":13,"minecraft:diorite":4,"minecraft:stone_pressure_plate":1,"minecraft:tnt":9,"minecraft:arrow":19,"minecraft:rotten_flesh":23,"minecraft:mutton":10,"minecraft:cod":19,"minecraft:white_wool":4,"minecraft:cobblestone":192,"minecraft:salmon":2,"minecraft:cut_sandstone":16,"minecraft:brown_wool":1,"minecraft:leather":14,"minecraft:potato":1,"minecraft:oak_log":4,"minecraft:cobblestone_wall":13,"minecraft:gunpowder":2,"minecraft:blue_bed":11,"minecraft:dirt":92,"minecraft:orange_terracotta":2,"minecraft:bone":14,"minecraft:bow":1,"minecraft:wheat_seeds":41,"minecraft:grindstone":1,"minecraft:iron_ingot":1,"minecraft:iron_ore":35,"minecraft:pumpkin":9,"minecraft:sweet_berries":29,"minecraft:sand":217,"minecraft:spruce_sapling":44,"minecraft:blast_furnace":1,"minecraft:white_bed":7,"minecraft:spruce_log":227,"minecraft:spruce_door":2,"minecraft:chiseled_sandstone":2,"minecraft:spider_eye":1,"minecraft:pumpkin_seeds":4,"minecraft:purple_bed":1,"minecraft:blue_terracotta":1,"minecraft:bread":39,"minecraft:black_wool":2,"minecraft:coal":239},"minecraft:custom":{"minecraft:mob_kills":65,"minecraft:animals_bred":1,"minecraft:interact_with_crafting_table":30,"minecraft:leave_game":6,"minecraft:time_since_death":182405,"minecraft:sprint_one_cm":660566,"minecraft:walk_one_cm":573361,"minecraft:drop":11,"minecraft:talked_to_villager":28,"minecraft:deaths":1,"minecraft:sneak_time":2977,"minecraft:walk_under_water_one_cm":205,"minecraft:jump":2554,"minecraft:interact_with_blast_furnace":5,"minecraft:walk_on_water_one_cm":5431,"minecraft:interact_with_furnace":38,"minecraft:traded_with_villager":10,"minecraft:play_one_minute":187303,"minecraft:interact_with_grindstone":1,"minecraft:interact_with_stonecutter":2,"minecraft:sleep_in_bed":13,"minecraft:time_since_rest":10117,"minecraft:damage_taken":2570,"minecraft:damage_dealt":9511,"minecraft:swim_one_cm":1887,"minecraft:fly_one_cm":432464,"minecraft:open_chest":51,"minecraft:crouch_one_cm":12517,"minecraft:fish_caught":22,"minecraft:fall_one_cm":51114},"minecraft:killed":{"minecraft:spider":1,"minecraft:skeleton":14,"minecraft:pig":5,"minecraft:zombie_villager":1,"minecraft:creeper":5,"minecraft:sheep":6,"minecraft:zombie":21,"minecraft:cow":10},"minecraft:broken":{"minecraft:iron_shovel":1,"minecraft:wooden_pickaxe":1,"minecraft:stone_pickaxe":1,"minecraft:iron_axe":1,"minecraft:iron_pickaxe":1},"minecraft:mined":{"minecraft:spruce_planks":18,"minecraft:white_bed":5,"minecraft:spruce_trapdoor":1,"minecraft:acacia_log":4,"minecraft:grass_block":83,"minecraft:spruce_fence":11,"minecraft:spruce_leaves":87,"minecraft:sandstone":44,"minecraft:furnace":1,"minecraft:iron_ore":36,"minecraft:chiseled_sandstone":2,"minecraft:pumpkin":9,"minecraft:potatoes":1,"minecraft:stone":153,"minecraft:cut_sandstone":16,"minecraft:orange_terracotta":2,"minecraft:crafting_table":6,"minecraft:torch":1,"minecraft:blast_furnace":1,"minecraft:chest":7,"minecraft:campfire":1,"minecraft:cobblestone":12,"minecraft:grindstone":1,"minecraft:sugar_cane":9,"minecraft:diorite":4,"minecraft:blue_bed":10,"minecraft:wall_torch":2,"minecraft:spruce_stairs":9,"minecraft:purple_bed":1,"minecraft:blue_terracotta":1,"minecraft:cobblestone_wall":13,"minecraft:wheat":14,"minecraft:sweet_berry_bush":5,"minecraft:spruce_log":194,"minecraft:tnt":9,"minecraft:grass_path":2,"minecraft:grass":28,"minecraft:oak_log":4,"minecraft:coal_ore":240,"minecraft:sand":218,"minecraft:dirt":15,"minecraft:fern":8},"minecraft:used":{"minecraft:iron_shovel":273,"minecraft:chest":6,"minecraft:spruce_planks":193,"minecraft:iron_sword":180,"minecraft:rotten_flesh":14,"minecraft:torch":63,"minecraft:dirt":19,"minecraft:mutton":1,"minecraft:spruce_fence":262,"minecraft:iron_axe":273,"minecraft:bow":6,"minecraft:sweet_berries":24,"minecraft:furnace":2,"minecraft:cooked_beef":4,"minecraft:wheat_seeds":9,"minecraft:spruce_door":2,"minecraft:stone_pickaxe":133,"minecraft:wooden_pickaxe":59,"minecraft:sandstone":80,"minecraft:blue_bed":8,"minecraft:sugar_cane":1,"minecraft:crafting_table":5,"minecraft:blast_furnace":1,"minecraft:white_bed":7,"minecraft:bread":23,"minecraft:iron_pickaxe":350,"minecraft:pufferfish":3,"minecraft:fishing_rod":29,"minecraft:wooden_sword":36,"minecraft:cobblestone":175,"minecraft:purple_bed":1,"minecraft:grindstone":1,"minecraft:cooked_porkchop":13}},"DataVersion":2230}