{"stat.useItem.minecraft.bow":14,"stat.leaveGame":6,"stat.useItem.minecraft.bookshelf":12,"stat.craftItem.minecraft.iron_axe":2,"stat.useItem.minecraft.soul_sand":23,"stat.killEntity.Blaze":41,"stat.useItem.minecraft.planks":15,"stat.craftItem.minecraft.shield":1,"stat.pickup.minecraft.glowstone_dust":2,"stat.mineBlock.minecraft.acacia_fence_gate":1,"stat.mineBlock.minecraft.red_mushroom":2,"stat.useItem.minecraft.water_bucket":15,"stat.pickup.minecraft.rotten_flesh":42,"stat.craftItem.minecraft.golden_apple":3,"stat.craftItem.minecraft.stone_axe":1,"stat.killEntity.Enderman":2,"stat.craftItem.minecraft.stone_sword":1,"stat.killEntity.Witch":1,"stat.craftItem.minecraft.cooked_fish":8,"stat.craftItem.minecraft.blaze_powder":4,"stat.useItem.minecraft.iron_pickaxe":1293,"stat.craftItem.minecraft.wooden_pickaxe":1,"stat.drop.minecraft.cooked_mutton":2,"stat.craftItem.minecraft.bed":3,"stat.furnaceInteraction":77,"stat.drop.minecraft.gravel":5,"stat.killEntity.ZombieVillager":4,"stat.pickup.minecraft.nether_brick":27,"stat.useItem.minecraft.cooked_mutton":6,"stat.pickup.minecraft.iron_chestplate":2,"stat.pickup.minecraft.acacia_door":1,"stat.useItem.minecraft.acacia_fence":83,"stat.useItem.minecraft.flint_and_steel":1,"stat.useItem.minecraft.wheat_seeds":39,"stat.mineBlock.minecraft.soul_sand":37,"stat.useItem.minecraft.dye":16,"stat.deaths":4,"stat.pickup.minecraft.egg":20,"stat.playOneMinute":345827,"stat.pickup.minecraft.blaze_rod":19,"stat.useItem.minecraft.nether_brick":25,"stat.craftItem.minecraft.iron_pickaxe":6,"stat.mineBlock.minecraft.tallgrass":315,"stat.fishCaught":17,"stat.craftItem.minecraft.cooked_mutton":16,"stat.pickup.minecraft.netherrack":501,"stat.chestOpened":126,"stat.pickup.minecraft.pumpkin":2,"stat.useItem.minecraft.fish":1,"stat.useItem.minecraft.stone":51,"stat.mineBlock.minecraft.netherrack":480,"stat.pickup.minecraft.arrow":26,"stat.pickup.minecraft.iron_sword":2,"stat.useItem.minecraft.acacia_fence_gate":4,"stat.pickup.minecraft.acacia_fence_gate":1,"stat.drop.minecraft.iron_pickaxe":1,"stat.fallOneCm":118318,"stat.pickup.minecraft.carrot":40,"stat.crouchOneCm":70934,"stat.craftItem.minecraft.chest":5,"stat.craftItem.minecraft.iron_ingot":147,"stat.pickup.minecraft.red_mushroom":2,"stat.craftingTableInteraction":64,"stat.mineBlock.minecraft.log2":94,"stat.useItem.minecraft.furnace":1,"stat.pickup.minecraft.dye":64,"stat.pickup.minecraft.planks":43,"stat.pickup.minecraft.iron_leggings":2,"stat.pickup.minecraft.wheat_seeds":135,"stat.mineBlock.minecraft.gravel":37,"stat.useItem.minecraft.stone_pickaxe":391,"stat.useItem.minecraft.stone_sword":133,"stat.craftItem.minecraft.iron_leggings":2,"stat.mineBlock.minecraft.dirt":50,"stat.pickup.minecraft.poisonous_potato":2,"stat.useItem.minecraft.torch":239,"stat.pickup.minecraft.golden_apple":1,"stat.pickup.minecraft.crafting_table":3,"stat.useItem.minecraft.cobblestone":432,"stat.craftItem.minecraft.crafting_table":3,"stat.useItem.minecraft.gravel":20,"stat.mineBlock.minecraft.double_plant":5,"stat.killEntity.LavaSlime":9,"stat.pickup.minecraft.log":49,"stat.useItem.minecraft.cooked_fish":8,"stat.pickup.minecraft.iron_pickaxe":4,"stat.craftItem.minecraft.gold_ingot":31,"stat.drop.minecraft.sapling":1,"stat.pickup.minecraft.sapling":45,"stat.craftItem.minecraft.brewing_stand":1,"stat.entityKilledBy.Enderman":1,"stat.pickup.minecraft.apple":5,"stat.craftItem.minecraft.bucket":1,"stat.craftItem.minecraft.planks":412,"stat.useItem.minecraft.iron_sword":393,"stat.killEntity.WitherSkeleton":2,"stat.craftItem.minecraft.fishing_rod":1,"stat.pickup.minecraft.stone_sword":1,"stat.pickup.minecraft.book":45,"stat.mineBlock.minecraft.log":34,"stat.craftItem.minecraft.golden_boots":1,"stat.sneakTime":20512,"stat.pickup.minecraft.wool":17,"stat.entityKilledBy.Blaze":1,"stat.useItem.minecraft.baked_potato":123,"stat.useItem.minecraft.wooden_axe":12,"stat.useItem.minecraft.fishing_rod":29,"stat.craftItem.minecraft.enchanting_table":1,"stat.pickup.minecraft.bone":14,"stat.horseOneCm":56177,"stat.useItem.minecraft.iron_axe":193,"stat.mineBlock.minecraft.pumpkin":2,"stat.mineBlock.minecraft.cobblestone":8,"stat.pickup.minecraft.stone_pickaxe":2,"stat.pickup.minecraft.flint":3,"stat.mineBlock.minecraft.acacia_fence":10,"stat.craftItem.minecraft.acacia_fence_gate":4,"stat.swimOneCm":16048,"stat.climbOneCm":418,"stat.useItem.minecraft.obsidian":8,"stat.useItem.minecraft.dirt":79,"stat.useItem.minecraft.stone_slab2":75,"stat.pickup.minecraft.bow":6,"stat.pickup.minecraft.iron_boots":3,"stat.craftItem.minecraft.furnace":2,"stat.useItem.minecraft.egg":3,"stat.craftItem.minecraft.iron_boots":2,"stat.useItem.minecraft.iron_ore":2,"stat.craftItem.minecraft.stone_pickaxe":3,"stat.mineBlock.minecraft.obsidian":15,"stat.pickup.minecraft.cobblestone":643,"stat.craftItem.minecraft.bow":1,"stat.flyOneCm":975800,"stat.pickup.minecraft.soul_sand":37,"stat.pickup.minecraft.fish":17,"stat.drop.minecraft.wheat_seeds":7,"stat.pickup.minecraft.redstone":21,"stat.mineBlock.minecraft.iron_ore":157,"stat.timeSinceDeath":49754,"stat.craftItem.minecraft.acacia_door":3,"stat.pickup.minecraft.mutton":22,"stat.useItem.minecraft.potato":95,"stat.mineBlock.minecraft.coal_ore":231,"stat.craftItem.minecraft.acacia_fence":75,"stat.mineBlock.minecraft.nether_brick":33,"stat.killEntity.Creeper":9,"stat.pickup.minecraft.shield":2,"stat.talkedToVillager":12,"stat.drop.minecraft.baked_potato":12,"stat.pickup.minecraft.string":9,"stat.craftItem.minecraft.stone_slab2":0,"stat.sprintOneCm":801095,"stat.craftItem.minecraft.stick":232,"stat.craftItem.minecraft.wooden_axe":1,"stat.mineBlock.minecraft.diamond_ore":5,"stat.mineBlock.minecraft.crafting_table":2,"stat.useItem.minecraft.diamond_pickaxe":58,"stat.useItem.minecraft.carrot":17,"stat.useItem.minecraft.bucket":16,"stat.entityKilledBy.Creeper":1,"stat.pickup.minecraft.sugar":1,"stat.mineBlock.minecraft.planks":5,"stat.drop":7,"stat.killEntity.Sheep":14,"stat.craftItem.minecraft.diamond_pickaxe":1,"stat.killEntity.Zombie":41,"stat.craftItem.minecraft.dye":30,"stat.mineBlock.minecraft.gold_ore":32,"stat.diveOneCm":13925,"stat.pickup.minecraft.wheat":40,"stat.pickup.minecraft.gravel":46,"stat.pickup.minecraft.obsidian":14,"stat.useItem.minecraft.rotten_flesh":4,"stat.jump":6079,"stat.pickup.minecraft.coal":259,"stat.pickup.minecraft.iron_helmet":2,"stat.pickup.minecraft.iron_ingot":4,"stat.useItem.minecraft.stone_axe":9,"stat.pickup.minecraft.gunpowder":8,"stat.pickup.minecraft.spider_eye":6,"stat.craftItem.minecraft.torch":304,"stat.pickup.minecraft.dirt":130,"stat.craftItem.minecraft.iron_helmet":2,"stat.pickup.minecraft.iron_ore":156,"stat.pickup.minecraft.gold_ore":31,"stat.useItem.minecraft.sapling":3,"stat.mineBlock.minecraft.lapis_ore":7,"stat.craftItem.minecraft.flint_and_steel":1,"stat.pickup.minecraft.iron_axe":2,"stat.mineBlock.minecraft.leaves2":21,"stat.damageTaken":7551,"stat.mineBlock.minecraft.torch":33,"stat.useItem.minecraft.wooden_pickaxe":26,"stat.useItem.minecraft.acacia_door":3,"stat.pickup.minecraft.log2":93,"stat.pickup.minecraft.bed":3,"stat.pickup.minecraft.acacia_fence":10,"stat.pickup.minecraft.potato":254,"stat.damageDealt":26548,"stat.sleepInBed":9,"stat.craftItem.minecraft.baked_potato":140,"stat.useItem.minecraft.crafting_table":2,"stat.craftItem.minecraft.iron_sword":3,"stat.walkOneCm":1098459,"stat.animalsBred":10,"stat.useItem.minecraft.chest":2,"stat.pickup.minecraft.stick":3,"stat.pickup.minecraft.stone":73,"stat.craftItem.minecraft.iron_chestplate":2,"stat.pickup.minecraft.baked_potato":164,"stat.pickup.minecraft.ender_pearl":1,"stat.useItem.minecraft.netherrack":455,"stat.killEntity.Skeleton":12,"stat.craftItem.minecraft.bookshelf":14,"stat.killEntity.Spider":10,"stat.mineBlock.minecraft.quartz_ore":27,"stat.mobKills":146,"stat.mineBlock.minecraft.bookshelf":15,"stat.pickup.minecraft.quartz":27,"stat.useItem.minecraft.golden_apple":3,"stat.pickup.minecraft.diamond":5,"stat.mineBlock.minecraft.leaves":20,"stat.pickup.minecraft.torch":148,"stat.mineBlock.minecraft.redstone_ore":8,"stat.mineBlock.minecraft.stone":736}