{"stats":{"minecraft:crafted":{"minecraft:wooden_sword":1,"minecraft:oak_planks":16,"minecraft:smooth_stone":7,"minecraft:fishing_rod":1,"minecraft:furnace":8,"minecraft:blast_furnace":2,"minecraft:stone":11,"minecraft:spruce_fence":258,"minecraft:bookshelf":2,"minecraft:cooked_mutton":8,"minecraft:glass":183,"minecraft:hopper":4,"minecraft:spruce_stairs":4,"minecraft:iron_axe":3,"minecraft:spruce_wood":3,"minecraft:spruce_slab":12,"minecraft:stone_pickaxe":1,"minecraft:chest":23,"minecraft:smoker":1,"minecraft:cooked_beef":40,"minecraft:item_frame":8,"minecraft:emerald":5,"minecraft:cooked_porkchop":13,"minecraft:crafting_table":3,"minecraft:spruce_planks":1232,"minecraft:wooden_pickaxe":1,"minecraft:spruce_door":3,"minecraft:iron_sword":2,"minecraft:cartography_table":1,"minecraft:air":0,"minecraft:apple":20,"minecraft:lectern":2,"minecraft:book":13,"minecraft:paper":63,"minecraft:stick":296,"minecraft:iron_ingot":191,"minecraft:iron_pickaxe":5,"minecraft:iron_shovel":2,"minecraft:sandstone":66,"minecraft:white_bed":1,"minecraft:acacia_planks":16,"minecraft:torch":128},"minecraft:dropped":{"minecraft:water_bucket":1,"minecraft:bread":9,"minecraft:iron_sword":1,"minecraft:cooked_beef":7,"minecraft:poisonous_potato":3,"minecraft:cobblestone":1,"minecraft:book":7,"minecraft:coal":64,"minecraft:cod":2,"minecraft:emerald":54,"minecraft:dirt":2,"minecraft:large_fern":4,"minecraft:white_wool":1,"minecraft:spruce_sapling":9,"minecraft:rotten_flesh":2,"minecraft:smoker":1,"minecraft:spruce_fence":1,"minecraft:carrot":15,"minecraft:blast_furnace":1,"minecraft:potato":26,"minecraft:gunpowder":1,"minecraft:spruce_planks":40,"minecraft:andesite":96,"minecraft:stone_pressure_plate":2,"minecraft:spider_eye":2,"minecraft:lectern":1},"minecraft:broken":{"minecraft:iron_shovel":2,"minecraft:wooden_pickaxe":1,"minecraft:stone_pickaxe":1,"minecraft:iron_axe":1,"minecraft:iron_sword":1,"minecraft:iron_pickaxe":3},"minecraft:killed":{"minecraft:spider":9,"minecraft:skeleton":25,"minecraft:chicken":2,"minecraft:husk":7,"minecraft:pig":5,"minecraft:zombie_villager":3,"minecraft:creeper":9,"minecraft:sheep":6,"minecraft:zombie":31,"minecraft:cow":20},"minecraft:custom":{"minecraft:mob_kills":122,"minecraft:animals_bred":1,"minecraft:interact_with_crafting_table":65,"minecraft:bell_ring":1,"minecraft:leave_game":7,"minecraft:time_since_death":461936,"minecraft:sprint_one_cm":1180705,"minecraft:walk_one_cm":1377678,"minecraft:drop":43,"minecraft:talked_to_villager":55,"minecraft:deaths":1,"minecraft:sneak_time":6752,"minecraft:walk_under_water_one_cm":286,"minecraft:boat_one_cm":110626,"minecraft:jump":4189,"minecraft:interact_with_blast_furnace":31,"minecraft:walk_on_water_one_cm":14195,"minecraft:interact_with_furnace":108,"minecraft:traded_with_villager":10,"minecraft:play_one_minute":466834,"minecraft:interact_with_grindstone":1,"minecraft:interact_with_stonecutter":2,"minecraft:sleep_in_bed":29,"minecraft:time_since_rest":13343,"minecraft:damage_taken":3886,"minecraft:damage_dealt":17549,"minecraft:swim_one_cm":2129,"minecraft:fly_one_cm":892505,"minecraft:open_chest":289,"minecraft:crouch_one_cm":22393,"minecraft:fish_caught":22,"minecraft:fall_one_cm":83039},"minecraft:used":{"minecraft:iron_shovel":500,"minecraft:armor_stand":2,"minecraft:diamond_hoe":10,"minecraft:chest":34,"minecraft:spruce_planks":484,"minecraft:iron_sword":351,"minecraft:zombie_spawn_egg":2,"minecraft:farmland":122,"minecraft:rotten_flesh":14,"minecraft:torch":200,"minecraft:dirt":97,"minecraft:mutton":1,"minecraft:hopper":4,"minecraft:spruce_stairs":5,"minecraft:carrot":28,"minecraft:spruce_fence":395,"minecraft:oak_fence_gate":3,"minecraft:spruce_boat":4,"minecraft:glass":183,"minecraft:iron_axe":446,"minecraft:grass_block":263,"minecraft:item_frame":22,"minecraft:bow":22,"minecraft:dark_oak_boat":7,"minecraft:sweet_berries":24,"minecraft:furnace":9,"minecraft:egg":100,"minecraft:cooked_beef":19,"minecraft:potato":61,"minecraft:wheat_seeds":66,"minecraft:cooked_mutton":3,"minecraft:water_bucket":13,"minecraft:spruce_door":4,"minecraft:stone_pickaxe":133,"minecraft:wooden_pickaxe":59,"minecraft:sandstone":110,"minecraft:diamond_axe":2,"minecraft:sugar_cane":91,"minecraft:blue_bed":14,"minecraft:crafting_table":12,"minecraft:blast_furnace":5,"minecraft:white_bed":8,"minecraft:spruce_log":2,"minecraft:pumpkin_seeds":13,"minecraft:string":1,"minecraft:bread":33,"minecraft:iron_pickaxe":968,"minecraft:jungle_stairs":4,"minecraft:spruce_trapdoor":4,"minecraft:gravel":29,"minecraft:pufferfish":3,"minecraft:fishing_rod":29,"minecraft:wooden_sword":36,"minecraft:cobblestone":175,"minecraft:purple_bed":3,"minecraft:grindstone":1,"minecraft:cooked_porkchop":13,"minecraft:bucket":1,"minecraft:grass_path":71},"minecraft:mined":{"minecraft:spruce_planks":46,"minecraft:white_bed":6,"minecraft:cobblestone_stairs":1,"minecraft:spruce_trapdoor":14,"minecraft:acacia_log":4,"minecraft:grass_block":117,"minecraft:spruce_fence":12,"minecraft:spruce_leaves":116,"minecraft:sandstone":44,"minecraft:hay_block":1,"minecraft:furnace":4,"minecraft:carrots":14,"minecraft:iron_ore":139,"minecraft:chiseled_sandstone":2,"minecraft:andesite":81,"minecraft:pumpkin":9,"minecraft:potatoes":28,"minecraft:stone":359,"minecraft:tripwire":1,"minecraft:cut_sandstone":16,"minecraft:orange_terracotta":2,"minecraft:crafting_table":10,"minecraft:torch":13,"minecraft:blast_furnace":3,"minecraft:chest":13,"minecraft:campfire":3,"minecraft:glass":1,"minecraft:cobblestone":12,"minecraft:grindstone":1,"minecraft:sugar_cane":97,"minecraft:diorite":4,"minecraft:blue_bed":15,"minecraft:wall_torch":12,"minecraft:spruce_stairs":9,"minecraft:purple_bed":3,"minecraft:blue_terracotta":1,"minecraft:cobblestone_wall":13,"minecraft:wheat":46,"minecraft:sweet_berry_bush":5,"minecraft:spruce_log":292,"minecraft:tnt":9,"minecraft:grass_path":5,"minecraft:grass":39,"minecraft:oak_log":4,"minecraft:coal_ore":446,"minecraft:gravel":18,"minecraft:sand":452,"minecraft:dirt":37,"minecraft:fern":10},"minecraft:picked_up":{"minecraft:fishing_rod":1,"minecraft:charcoal":4,"minecraft:crafting_table":10,"minecraft:wheat":43,"minecraft:chicken":4,"minecraft:enchanted_book":1,"minecraft:string":12,"minecraft:large_fern":6,"minecraft:wooden_sword":1,"minecraft:armor_stand":2,"minecraft:pufferfish":8,"minecraft:spruce_planks":83,"minecraft:beef":40,"minecraft:iron_nugget":3,"minecraft:sugar_cane":156,"minecraft:chest":13,"minecraft:spruce_trapdoor":14,"minecraft:furnace":4,"minecraft:egg":9,"minecraft:stick":37,"minecraft:sandstone":44,"minecraft:torch":39,"minecraft:acacia_log":4,"minecraft:spruce_stairs":9,"minecraft:spruce_fence":13,"minecraft:porkchop":13,"minecraft:diorite":4,"minecraft:carrot":66,"minecraft:stone_pressure_plate":2,"minecraft:rabbit_foot":1,"minecraft:tnt":9,"minecraft:arrow":32,"minecraft:rotten_flesh":40,"minecraft:hay_block":1,"minecraft:mutton":10,"minecraft:cod":19,"minecraft:white_wool":4,"minecraft:cobblestone":382,"minecraft:feather":6,"minecraft:andesite":81,"minecraft:salmon":2,"minecraft:brown_wool":1,"minecraft:cut_sandstone":16,"minecraft:leather":24,"minecraft:potato":157,"minecraft:flint":2,"minecraft:oak_log":4,"minecraft:cobblestone_wall":13,"minecraft:gunpowder":5,"minecraft:cobblestone_stairs":1,"minecraft:dirt":151,"minecraft:blue_bed":15,"minecraft:orange_terracotta":2,"minecraft:bone":24,"minecraft:bow":1,"minecraft:wheat_seeds":124,"minecraft:grindstone":1,"minecraft:iron_ingot":1,"minecraft:iron_ore":138,"minecraft:iron_sword":2,"minecraft:pumpkin":9,"minecraft:music_disc_13":1,"minecraft:sweet_berries":29,"minecraft:gravel":39,"minecraft:poisonous_potato":3,"minecraft:sand":447,"minecraft:spruce_sapling":61,"minecraft:blast_furnace":3,"minecraft:white_bed":8,"minecraft:spruce_log":323,"minecraft:spruce_door":2,"minecraft:chiseled_sandstone":2,"minecraft:spider_eye":3,"minecraft:pumpkin_seeds":16,"minecraft:blue_terracotta":1,"minecraft:purple_bed":3,"minecraft:diamond_axe":1,"minecraft:emerald":54,"minecraft:bread":39,"minecraft:black_wool":2,"minecraft:coal":493}},"DataVersion":2230}