{"stats":{"minecraft:crafted":{"minecraft:wooden_sword":1,"minecraft:oak_planks":16,"minecraft:fishing_rod":1,"minecraft:furnace":1,"minecraft:spruce_fence":258,"minecraft:cooked_mutton":8,"minecraft:iron_axe":1,"minecraft:spruce_wood":3,"minecraft:stone_pickaxe":1,"minecraft:cooked_beef":11,"minecraft:emerald":5,"minecraft:cooked_porkchop":13,"minecraft:crafting_table":1,"minecraft:spruce_planks":764,"minecraft:wooden_pickaxe":1,"minecraft:iron_sword":1,"minecraft:air":0,"minecraft:apple":20,"minecraft:stick":256,"minecraft:iron_ingot":35,"minecraft:iron_pickaxe":2,"minecraft:white_bed":1,"minecraft:acacia_planks":16,"minecraft:torch":128},"minecraft:dropped":{"minecraft:bread":9,"minecraft:cooked_beef":7,"minecraft:cod":2,"minecraft:large_fern":2,"minecraft:white_wool":1,"minecraft:spruce_sapling":8,"minecraft:spruce_planks":39,"minecraft:andesite":15,"minecraft:spider_eye":1},"minecraft:picked_up":{"minecraft:crafting_table":6,"minecraft:wheat":11,"minecraft:string":2,"minecraft:wooden_sword":1,"minecraft:large_fern":4,"minecraft:pufferfish":6,"minecraft:spruce_planks":51,"minecraft:beef":18,"minecraft:iron_nugget":3,"minecraft:chest":7,"minecraft:sugar_cane":18,"minecraft:spruce_trapdoor":1,"minecraft:egg":6,"minecraft:furnace":1,"minecraft:stick":16,"minecraft:sandstone":44,"minecraft:torch":7,"minecraft:acacia_log":4,"minecraft:spruce_stairs":9,"minecraft:spruce_fence":11,"minecraft:porkchop":13,"minecraft:diorite":4,"minecraft:stone_pressure_plate":1,"minecraft:tnt":9,"minecraft:arrow":19,"minecraft:rotten_flesh":22,"minecraft:mutton":10,"minecraft:cod":19,"minecraft:white_wool":4,"minecraft:cobblestone":191,"minecraft:salmon":2,"minecraft:cut_sandstone":16,"minecraft:brown_wool":1,"minecraft:leather":14,"minecraft:potato":1,"minecraft:oak_log":4,"minecraft:cobblestone_wall":13,"minecraft:gunpowder":2,"minecraft:blue_bed":11,"minecraft:dirt":30,"minecraft:orange_terracotta":2,"minecraft:bone":14,"minecraft:bow":1,"minecraft:wheat_seeds":41,"minecraft:grindstone":1,"minecraft:iron_ingot":1,"minecraft:iron_ore":35,"minecraft:pumpkin":9,"minecraft:sweet_berries":29,"minecraft:sand":2,"minecraft:spruce_sapling":44,"minecraft:blast_furnace":1,"minecraft:white_bed":7,"minecraft:spruce_log":221,"minecraft:chiseled_sandstone":2,"minecraft:spider_eye":1,"minecraft:pumpkin_seeds":4,"minecraft:purple_bed":1,"minecraft:blue_terracotta":1,"minecraft:bread":39,"minecraft:black_wool":2,"minecraft:coal":239},"minecraft:custom":{"minecraft:mob_kills":65,"minecraft:animals_bred":1,"minecraft:interact_with_crafting_table":24,"minecraft:leave_game":6,"minecraft:time_since_death":170405,"minecraft:sprint_one_cm":629071,"minecraft:walk_one_cm":520322,"minecraft:drop":11,"minecraft:talked_to_villager":28,"minecraft:deaths":1,"minecraft:sneak_time":2361,"minecraft:walk_under_water_one_cm":205,"minecraft:jump":2416,"minecraft:interact_with_blast_furnace":5,"minecraft:walk_on_water_one_cm":5431,"minecraft:interact_with_furnace":32,"minecraft:traded_with_villager":10,"minecraft:play_one_minute":175303,"minecraft:interact_with_grindstone":1,"minecraft:interact_with_stonecutter":2,"minecraft:sleep_in_bed":12,"minecraft:time_since_rest":11056,"minecraft:damage_taken":2505,"minecraft:damage_dealt":9511,"minecraft:swim_one_cm":1887,"minecraft:fly_one_cm":409159,"minecraft:open_chest":44,"minecraft:crouch_one_cm":9085,"minecraft:fish_caught":22,"minecraft:fall_one_cm":46144},"minecraft:killed":{"minecraft:spider":1,"minecraft:skeleton":14,"minecraft:pig":5,"minecraft:zombie_villager":1,"minecraft:creeper":5,"minecraft:sheep":6,"minecraft:zombie":21,"minecraft:cow":10},"minecraft:broken":{"minecraft:wooden_pickaxe":1,"minecraft:stone_pickaxe":1,"minecraft:iron_axe":1,"minecraft:iron_pickaxe":1},"minecraft:mined":{"minecraft:spruce_planks":12,"minecraft:white_bed":5,"minecraft:spruce_trapdoor":1,"minecraft:acacia_log":4,"minecraft:grass_block":21,"minecraft:spruce_fence":11,"minecraft:spruce_leaves":82,"minecraft:sandstone":44,"minecraft:furnace":1,"minecraft:iron_ore":36,"minecraft:chiseled_sandstone":2,"minecraft:pumpkin":9,"minecraft:potatoes":1,"minecraft:stone":153,"minecraft:cut_sandstone":16,"minecraft:orange_terracotta":2,"minecraft:crafting_table":6,"minecraft:torch":1,"minecraft:blast_furnace":1,"minecraft:chest":7,"minecraft:cobblestone":11,"minecraft:grindstone":1,"minecraft:sugar_cane":9,"minecraft:diorite":4,"minecraft:blue_bed":10,"minecraft:wall_torch":2,"minecraft:spruce_stairs":9,"minecraft:purple_bed":1,"minecraft:blue_terracotta":1,"minecraft:cobblestone_wall":13,"minecraft:wheat":14,"minecraft:sweet_berry_bush":5,"minecraft:spruce_log":187,"minecraft:tnt":9,"minecraft:grass":28,"minecraft:oak_log":4,"minecraft:coal_ore":240,"minecraft:sand":2,"minecraft:dirt":15,"minecraft:fern":8},"minecraft:used":{"minecraft:chest":6,"minecraft:spruce_planks":122,"minecraft:iron_sword":180,"minecraft:rotten_flesh":14,"minecraft:torch":63,"minecraft:dirt":19,"minecraft:mutton":1,"minecraft:spruce_fence":262,"minecraft:iron_axe":252,"minecraft:bow":6,"minecraft:sweet_berries":24,"minecraft:furnace":2,"minecraft:cooked_beef":4,"minecraft:wheat_seeds":9,"minecraft:stone_pickaxe":133,"minecraft:wooden_pickaxe":59,"minecraft:sandstone":43,"minecraft:blue_bed":8,"minecraft:sugar_cane":1,"minecraft:crafting_table":5,"minecraft:blast_furnace":1,"minecraft:white_bed":7,"minecraft:bread":20,"minecraft:iron_pickaxe":349,"minecraft:pufferfish":3,"minecraft:fishing_rod":29,"minecraft:wooden_sword":36,"minecraft:cobblestone":175,"minecraft:purple_bed":1,"minecraft:grindstone":1,"minecraft:cooked_porkchop":13}},"DataVersion":2230}