{"stats":{"minecraft:crafted":{"minecraft:wooden_sword":1,"minecraft:smooth_stone":7,"minecraft:oak_planks":16,"minecraft:fishing_rod":1,"minecraft:furnace":7,"minecraft:blast_furnace":2,"minecraft:stone":11,"minecraft:spruce_fence":258,"minecraft:cooked_mutton":8,"minecraft:glass":113,"minecraft:hopper":4,"minecraft:iron_axe":3,"minecraft:spruce_wood":3,"minecraft:stone_pickaxe":1,"minecraft:chest":23,"minecraft:cooked_beef":18,"minecraft:item_frame":8,"minecraft:emerald":5,"minecraft:cooked_porkchop":13,"minecraft:crafting_table":1,"minecraft:spruce_planks":1232,"minecraft:wooden_pickaxe":1,"minecraft:spruce_door":3,"minecraft:iron_sword":2,"minecraft:air":0,"minecraft:apple":20,"minecraft:stick":284,"minecraft:iron_ingot":35,"minecraft:iron_pickaxe":2,"minecraft:iron_shovel":2,"minecraft:sandstone":66,"minecraft:white_bed":1,"minecraft:acacia_planks":16,"minecraft:torch":128},"minecraft:dropped":{"minecraft:bread":9,"minecraft:iron_sword":1,"minecraft:cooked_beef":7,"minecraft:cod":2,"minecraft:dirt":1,"minecraft:large_fern":4,"minecraft:white_wool":1,"minecraft:spruce_sapling":9,"minecraft:gunpowder":1,"minecraft:spruce_planks":39,"minecraft:andesite":15,"minecraft:spider_eye":1},"minecraft:picked_up":{"minecraft:charcoal":4,"minecraft:crafting_table":8,"minecraft:wheat":17,"minecraft:string":4,"minecraft:wooden_sword":1,"minecraft:large_fern":6,"minecraft:pufferfish":8,"minecraft:spruce_planks":80,"minecraft:beef":18,"minecraft:iron_nugget":3,"minecraft:chest":13,"minecraft:sugar_cane":18,"minecraft:spruce_trapdoor":14,"minecraft:egg":6,"minecraft:furnace":3,"minecraft:stick":34,"minecraft:sandstone":44,"minecraft:torch":7,"minecraft:acacia_log":4,"minecraft:spruce_stairs":9,"minecraft:spruce_fence":12,"minecraft:porkchop":13,"minecraft:diorite":4,"minecraft:stone_pressure_plate":1,"minecraft:tnt":9,"minecraft:arrow":22,"minecraft:rotten_flesh":34,"minecraft:hay_block":1,"minecraft:mutton":10,"minecraft:cod":19,"minecraft:white_wool":4,"minecraft:cobblestone":245,"minecraft:salmon":2,"minecraft:cut_sandstone":16,"minecraft:brown_wool":1,"minecraft:leather":14,"minecraft:potato":1,"minecraft:oak_log":4,"minecraft:cobblestone_wall":13,"minecraft:gunpowder":3,"minecraft:cobblestone_stairs":1,"minecraft:blue_bed":12,"minecraft:dirt":119,"minecraft:orange_terracotta":2,"minecraft:bone":17,"minecraft:bow":1,"minecraft:wheat_seeds":56,"minecraft:grindstone":1,"minecraft:iron_ingot":1,"minecraft:iron_ore":35,"minecraft:iron_sword":1,"minecraft:music_disc_13":1,"minecraft:pumpkin":9,"minecraft:sweet_berries":29,"minecraft:sand":446,"minecraft:spruce_sapling":56,"minecraft:blast_furnace":2,"minecraft:white_bed":8,"minecraft:spruce_log":311,"minecraft:spruce_door":2,"minecraft:chiseled_sandstone":2,"minecraft:spider_eye":2,"minecraft:pumpkin_seeds":4,"minecraft:purple_bed":1,"minecraft:blue_terracotta":1,"minecraft:diamond_axe":1,"minecraft:bread":39,"minecraft:black_wool":2,"minecraft:coal":287},"minecraft:custom":{"minecraft:mob_kills":90,"minecraft:animals_bred":1,"minecraft:interact_with_crafting_table":50,"minecraft:bell_ring":1,"minecraft:leave_game":6,"minecraft:time_since_death":272405,"minecraft:sprint_one_cm":868768,"minecraft:walk_one_cm":845719,"minecraft:drop":16,"minecraft:talked_to_villager":42,"minecraft:deaths":1,"minecraft:sneak_time":4910,"minecraft:walk_under_water_one_cm":205,"minecraft:jump":3161,"minecraft:interact_with_blast_furnace":8,"minecraft:walk_on_water_one_cm":5431,"minecraft:interact_with_furnace":68,"minecraft:traded_with_villager":10,"minecraft:play_one_minute":277303,"minecraft:interact_with_grindstone":1,"minecraft:interact_with_stonecutter":2,"minecraft:sleep_in_bed":18,"minecraft:time_since_rest":6403,"minecraft:damage_taken":3085,"minecraft:damage_dealt":12882,"minecraft:swim_one_cm":1887,"minecraft:fly_one_cm":549395,"minecraft:open_chest":195,"minecraft:crouch_one_cm":19965,"minecraft:fish_caught":22,"minecraft:fall_one_cm":67809},"minecraft:killed":{"minecraft:spider":4,"minecraft:skeleton":18,"minecraft:husk":7,"minecraft:pig":5,"minecraft:zombie_villager":2,"minecraft:creeper":7,"minecraft:sheep":6,"minecraft:zombie":26,"minecraft:cow":10},"minecraft:broken":{"minecraft:iron_shovel":2,"minecraft:wooden_pickaxe":1,"minecraft:stone_pickaxe":1,"minecraft:iron_axe":1,"minecraft:iron_sword":1,"minecraft:iron_pickaxe":1},"minecraft:mined":{"minecraft:spruce_planks":44,"minecraft:white_bed":6,"minecraft:cobblestone_stairs":1,"minecraft:spruce_trapdoor":14,"minecraft:acacia_log":4,"minecraft:grass_block":91,"minecraft:spruce_fence":12,"minecraft:spruce_leaves":116,"minecraft:sandstone":44,"minecraft:hay_block":1,"minecraft:furnace":3,"minecraft:iron_ore":36,"minecraft:chiseled_sandstone":2,"minecraft:pumpkin":9,"minecraft:potatoes":1,"minecraft:stone":206,"minecraft:cut_sandstone":16,"minecraft:orange_terracotta":2,"minecraft:crafting_table":8,"minecraft:torch":1,"minecraft:blast_furnace":2,"minecraft:chest":13,"minecraft:campfire":3,"minecraft:glass":1,"minecraft:cobblestone":12,"minecraft:grindstone":1,"minecraft:sugar_cane":9,"minecraft:diorite":4,"minecraft:blue_bed":11,"minecraft:wall_torch":2,"minecraft:spruce_stairs":9,"minecraft:purple_bed":1,"minecraft:blue_terracotta":1,"minecraft:cobblestone_wall":13,"minecraft:wheat":20,"minecraft:sweet_berry_bush":5,"minecraft:spruce_log":280,"minecraft:tnt":9,"minecraft:grass_path":5,"minecraft:grass":28,"minecraft:oak_log":4,"minecraft:coal_ore":240,"minecraft:sand":451,"minecraft:dirt":31,"minecraft:fern":8},"minecraft:used":{"minecraft:iron_shovel":500,"minecraft:chest":28,"minecraft:spruce_planks":418,"minecraft:iron_sword":246,"minecraft:rotten_flesh":14,"minecraft:torch":63,"minecraft:dirt":25,"minecraft:mutton":1,"minecraft:hopper":4,"minecraft:spruce_stairs":5,"minecraft:spruce_fence":267,"minecraft:glass":113,"minecraft:iron_axe":423,"minecraft:item_frame":8,"minecraft:bow":22,"minecraft:sweet_berries":24,"minecraft:furnace":8,"minecraft:egg":6,"minecraft:cooked_beef":6,"minecraft:potato":5,"minecraft:wheat_seeds":9,"minecraft:cooked_mutton":2,"minecraft:spruce_door":4,"minecraft:stone_pickaxe":133,"minecraft:wooden_pickaxe":59,"minecraft:sandstone":105,"minecraft:blue_bed":11,"minecraft:sugar_cane":18,"minecraft:crafting_table":8,"minecraft:blast_furnace":4,"minecraft:white_bed":8,"minecraft:spruce_log":2,"minecraft:bread":33,"minecraft:iron_pickaxe":414,"minecraft:spruce_trapdoor":4,"minecraft:pufferfish":3,"minecraft:fishing_rod":29,"minecraft:wooden_sword":36,"minecraft:cobblestone":175,"minecraft:purple_bed":1,"minecraft:grindstone":1,"minecraft:cooked_porkchop":13}},"DataVersion":2230}