{"stat.useItem.minecraft.bow":3,"stat.pickup.minecraft.bone":9,"stat.horseOneCm":56177,"stat.useItem.minecraft.iron_axe":45,"stat.leaveGame":1,"stat.mineBlock.minecraft.pumpkin":2,"stat.mineBlock.minecraft.cobblestone":6,"stat.pickup.minecraft.stone_pickaxe":2,"stat.craftItem.minecraft.iron_axe":1,"stat.swimOneCm":4717,"stat.climbOneCm":418,"stat.useItem.minecraft.planks":2,"stat.pickup.minecraft.glowstone_dust":2,"stat.useItem.minecraft.dirt":14,"stat.useItem.minecraft.stone_slab2":28,"stat.pickup.minecraft.bow":2,"stat.pickup.minecraft.iron_boots":1,"stat.mineBlock.minecraft.red_mushroom":1,"stat.pickup.minecraft.rotten_flesh":20,"stat.craftItem.minecraft.furnace":2,"stat.useItem.minecraft.egg":1,"stat.craftItem.minecraft.stone_axe":1,"stat.craftItem.minecraft.iron_boots":1,"stat.useItem.minecraft.iron_ore":2,"stat.craftItem.minecraft.stone_pickaxe":3,"stat.pickup.minecraft.cobblestone":454,"stat.craftItem.minecraft.stone_sword":1,"stat.flyOneCm":327659,"stat.pickup.minecraft.fish":17,"stat.killEntity.Witch":1,"stat.craftItem.minecraft.cooked_fish":8,"stat.mineBlock.minecraft.iron_ore":150,"stat.timeSinceDeath":68637,"stat.useItem.minecraft.iron_pickaxe":561,"stat.craftItem.minecraft.wooden_pickaxe":1,"stat.pickup.minecraft.mutton":22,"stat.drop.minecraft.cooked_mutton":2,"stat.craftItem.minecraft.bed":3,"stat.useItem.minecraft.potato":51,"stat.furnaceInteraction":57,"stat.drop.minecraft.gravel":5,"stat.killEntity.ZombieVillager":2,"stat.mineBlock.minecraft.coal_ore":231,"stat.killEntity.Creeper":4,"stat.talkedToVillager":5,"stat.pickup.minecraft.string":5,"stat.useItem.minecraft.cooked_mutton":6,"stat.craftItem.minecraft.stone_slab2":0,"stat.sprintOneCm":324928,"stat.craftItem.minecraft.stick":68,"stat.mineBlock.minecraft.diamond_ore":5,"stat.useItem.minecraft.wheat_seeds":25,"stat.useItem.minecraft.carrot":3,"stat.entityKilledBy.Creeper":1,"stat.pickup.minecraft.sugar":1,"stat.deaths":1,"stat.drop":4,"stat.pickup.minecraft.egg":3,"stat.playOneMinute":142002,"stat.killEntity.Sheep":14,"stat.craftItem.minecraft.iron_pickaxe":3,"stat.killEntity.Zombie":19,"stat.mineBlock.minecraft.gold_ore":32,"stat.mineBlock.minecraft.tallgrass":128,"stat.fishCaught":17,"stat.craftItem.minecraft.cooked_mutton":16,"stat.diveOneCm":10215,"stat.pickup.minecraft.wheat":26,"stat.chestOpened":23,"stat.pickup.minecraft.pumpkin":2,"stat.useItem.minecraft.fish":1,"stat.useItem.minecraft.stone":35,"stat.pickup.minecraft.gravel":10,"stat.pickup.minecraft.arrow":9,"stat.useItem.minecraft.rotten_flesh":4,"stat.jump":2292,"stat.pickup.minecraft.coal":249,"stat.fallOneCm":36119,"stat.pickup.minecraft.carrot":5,"stat.useItem.minecraft.stone_axe":9,"stat.pickup.minecraft.gunpowder":3,"stat.crouchOneCm":11469,"stat.pickup.minecraft.spider_eye":4,"stat.craftItem.minecraft.chest":3,"stat.craftItem.minecraft.torch":136,"stat.craftItem.minecraft.iron_ingot":62,"stat.pickup.minecraft.dirt":34,"stat.craftItem.minecraft.iron_helmet":1,"stat.pickup.minecraft.red_mushroom":1,"stat.craftingTableInteraction":31,"stat.pickup.minecraft.iron_ore":149,"stat.pickup.minecraft.gold_ore":31,"stat.mineBlock.minecraft.lapis_ore":7,"stat.mineBlock.minecraft.leaves2":5,"stat.mineBlock.minecraft.log2":45,"stat.damageTaken":1902,"stat.mineBlock.minecraft.torch":10,"stat.useItem.minecraft.wooden_pickaxe":26,"stat.useItem.minecraft.furnace":1,"stat.pickup.minecraft.log2":45,"stat.pickup.minecraft.dye":46,"stat.pickup.minecraft.planks":38,"stat.pickup.minecraft.bed":2,"stat.pickup.minecraft.wheat_seeds":57,"stat.pickup.minecraft.potato":131,"stat.mineBlock.minecraft.gravel":12,"stat.useItem.minecraft.stone_pickaxe":391,"stat.useItem.minecraft.stone_sword":133,"stat.craftItem.minecraft.iron_leggings":1,"stat.damageDealt":8590,"stat.sleepInBed":6,"stat.craftItem.minecraft.baked_potato":76,"stat.mineBlock.minecraft.dirt":34,"stat.pickup.minecraft.poisonous_potato":2,"stat.craftItem.minecraft.iron_sword":1,"stat.walkOneCm":400288,"stat.useItem.minecraft.torch":108,"stat.useItem.minecraft.chest":1,"stat.pickup.minecraft.stick":3,"stat.useItem.minecraft.cobblestone":175,"stat.craftItem.minecraft.crafting_table":2,"stat.useItem.minecraft.gravel":2,"stat.mineBlock.minecraft.double_plant":1,"stat.pickup.minecraft.log":4,"stat.useItem.minecraft.cooked_fish":8,"stat.pickup.minecraft.iron_pickaxe":1,"stat.craftItem.minecraft.gold_ingot":8,"stat.pickup.minecraft.stone":56,"stat.drop.minecraft.sapling":1,"stat.craftItem.minecraft.iron_chestplate":1,"stat.pickup.minecraft.baked_potato":18,"stat.pickup.minecraft.sapling":3,"stat.killEntity.Skeleton":6,"stat.craftItem.minecraft.planks":76,"stat.useItem.minecraft.iron_sword":52,"stat.killEntity.Spider":5,"stat.craftItem.minecraft.fishing_rod":1,"stat.pickup.minecraft.stone_sword":1,"stat.mobKills":51,"stat.mineBlock.minecraft.log":4,"stat.pickup.minecraft.diamond":5,"stat.mineBlock.minecraft.leaves":3,"stat.pickup.minecraft.torch":12,"stat.sneakTime":3944,"stat.pickup.minecraft.wool":17,"stat.useItem.minecraft.baked_potato":19,"stat.mineBlock.minecraft.stone":523,"stat.useItem.minecraft.fishing_rod":29}