{"stat.chestOpened":14,"stat.drop.minecraft.mutton":31,"stat.pickup.minecraft.bone":14,"stat.horseOneCm":12627,"stat.useItem.minecraft.stone":14,"stat.leaveGame":1,"stat.pickup.minecraft.arrow":7,"stat.mineBlock.minecraft.cobblestone":5,"stat.pickup.minecraft.stone_pickaxe":2,"stat.drop.minecraft.iron_pickaxe":1,"stat.useItem.minecraft.mutton":1,"stat.jump":1254,"stat.swimOneCm":7254,"stat.pickup.minecraft.coal":386,"stat.pickup.minecraft.iron_helmet":1,"stat.fallOneCm":14185,"stat.pickup.minecraft.iron_ingot":9,"stat.drop.minecraft.stone":1,"stat.pickup.minecraft.glowstone_dust":2,"stat.useItem.minecraft.stone_axe":43,"stat.crouchOneCm":1027,"stat.craftItem.minecraft.iron_ingot":43,"stat.craftItem.minecraft.chest":1,"stat.pickup.minecraft.dirt":46,"stat.useItem.minecraft.dirt":22,"stat.craftItem.minecraft.iron_helmet":1,"stat.pickup.minecraft.red_mushroom":1,"stat.useItem.minecraft.stone_slab2":21,"stat.pickup.minecraft.iron_boots":1,"stat.mineBlock.minecraft.red_mushroom":1,"stat.pickup.minecraft.iron_ore":27,"stat.craftingTableInteraction":33,"stat.pickup.minecraft.rotten_flesh":9,"stat.pickup.minecraft.gold_ore":3,"stat.useItem.minecraft.sapling":2,"stat.entityKilledBy.Spider":1,"stat.craftItem.minecraft.stone_axe":1,"stat.mineBlock.minecraft.leaves2":2,"stat.craftItem.minecraft.iron_boots":1,"stat.mineBlock.minecraft.log2":22,"stat.damageTaken":1439,"stat.craftItem.minecraft.stone_pickaxe":4,"stat.mineBlock.minecraft.torch":7,"stat.mineBlock.minecraft.furnace":2,"stat.pickup.minecraft.cobblestone":145,"stat.pickup.minecraft.log2":24,"stat.pickup.minecraft.planks":20,"stat.pickup.minecraft.reeds":16,"stat.pickup.minecraft.iron_leggings":1,"stat.craftItem.minecraft.stone_sword":2,"stat.flyOneCm":100835,"stat.pickup.minecraft.bed":4,"stat.pickup.minecraft.wheat_seeds":5,"stat.drop.minecraft.wheat_seeds":1,"stat.useItem.minecraft.stone_pickaxe":312,"stat.useItem.minecraft.stone_sword":110,"stat.craftItem.minecraft.iron_leggings":1,"stat.damageDealt":3418,"stat.drop.minecraft.gold_ingot":9,"stat.pickup.minecraft.redstone":36,"stat.mineBlock.minecraft.iron_ore":24,"stat.useItem.minecraft.wool":1,"stat.sleepInBed":4,"stat.timeSinceDeath":22374,"stat.mineBlock.minecraft.dirt":1,"stat.useItem.minecraft.iron_pickaxe":34,"stat.pickup.minecraft.mutton":64,"stat.drop.minecraft.cooked_mutton":1,"stat.killEntity.Bat":1,"stat.walkOneCm":377521,"stat.drop.minecraft.coal":191,"stat.useItem.minecraft.torch":20,"stat.pickup.minecraft.stick":8,"stat.pickup.minecraft.wooden_axe":1,"stat.pickup.minecraft.crafting_table":1,"stat.useItem.minecraft.cobblestone":54,"stat.furnaceInteraction":30,"stat.craftItem.minecraft.crafting_table":2,"stat.mineBlock.minecraft.double_plant":1,"stat.mineBlock.minecraft.coal_ore":189,"stat.drop.minecraft.wool":18,"stat.drop.minecraft.red_flower":1,"stat.pickup.minecraft.log":33,"stat.pickup.minecraft.iron_pickaxe":3,"stat.useItem.minecraft.cooked_mutton":5,"stat.entityKilledBy.Skeleton":2,"stat.craftItem.minecraft.gold_ingot":8,"stat.pickup.minecraft.stone":26,"stat.drop.minecraft.planks":12,"stat.mineBlock.minecraft.wool":1,"stat.pickup.minecraft.sapling":2,"stat.sprintOneCm":184009,"stat.pickup.minecraft.iron_chestplate":2,"stat.craftItem.minecraft.stick":16,"stat.pickup.minecraft.gold_ingot":1,"stat.killEntity.Skeleton":3,"stat.craftItem.minecraft.planks":226,"stat.mineBlock.minecraft.crafting_table":1,"stat.pickup.minecraft.stone_sword":2,"stat.mobKills":29,"stat.mineBlock.minecraft.log":29,"stat.deaths":4,"stat.craftItem.minecraft.sugar":12,"stat.drop":35,"stat.pickup.minecraft.egg":9,"stat.playOneMinute":97145,"stat.pickup.minecraft.torch":39,"stat.killEntity.Sheep":20,"stat.pickup.minecraft.red_flower":3,"stat.mineBlock.minecraft.redstone_ore":4,"stat.sneakTime":790,"stat.pickup.minecraft.wool":40,"stat.killEntity.Zombie":4,"stat.useItem.minecraft.wooden_axe":9,"stat.drop.minecraft.iron_ingot":14,"stat.mineBlock.minecraft.stone":96,"stat.mineBlock.minecraft.gold_ore":2,"stat.craftItem.minecraft.cooked_mutton":18,"stat.mineBlock.minecraft.tallgrass":33,"stat.diveOneCm":6235,"stat.pickup.minecraft.cooked_mutton":1}